"fecha","peso_neto"
"24/9/2011","15.2"
"25/9/2011","0"
"26/9/2011","0"
"27/9/2011","0"
"28/9/2011","0"
"29/9/2011","0"
"30/9/2011","0"
"1/10/2011","0"
"2/10/2011","0"
"3/10/2011","3.06"
"4/10/2011","0"
"5/10/2011","0"
"6/10/2011","0"
"7/10/2011","0"
"8/10/2011","0"
"9/10/2011","0"
"10/10/2011","0"
"11/10/2011","0"
"12/10/2011","18.64"
"13/10/2011","0"
"14/10/2011","25.47"
"15/10/2011","0"
"16/10/2011","13.88"
"17/10/2011","2.63"
"18/10/2011","0"
"19/10/2011","0"
"20/10/2011","0"
"21/10/2011","2.38"
"22/10/2011","0"
"23/10/2011","0"
"24/10/2011","5.78"
"25/10/2011","0"
"26/10/2011","50.45"
"27/10/2011","27.54"
"28/10/2011","15.71"
"29/10/2011","16.9"
"30/10/2011","4.8"
"31/10/2011","2.38"
"2/11/2011","28.54"
"3/11/2011","25.85"
"4/11/2011","76.59"
"5/11/2011","79.04"
"6/11/2011","0"
"7/11/2011","0"
"8/11/2011","44.18"
"9/11/2011","32.42"
"10/11/2011","32.09"
"11/11/2011","34.27"
"12/11/2011","65.96"
"13/11/2011","67.44"
"14/11/2011","37.4"
"15/11/2011","0"
"16/11/2011","19.55"
"17/11/2011","62.37"
"18/11/2011","67.25"
"19/11/2011","143.06"
"20/11/2011","184.26"
"21/11/2011","70.18"
"22/11/2011","447.98"
"23/11/2011","313.77"
"24/11/2011","401.74"
"25/11/2011","127.17"
"26/11/2011","134.57"
"27/11/2011","403.65"
"28/11/2011","139.51"
"29/11/2011","37.41"
"30/11/2011","216.87"
"1/12/2011","372.57"
"2/12/2011","466.72"
"3/12/2011","258.98"
"4/12/2011","64.48"
"5/12/2011","447.47"
"6/12/2011","166.27"
"7/12/2011","296.78"
"8/12/2011","385.07"
"9/12/2011","344.32"
"10/12/2011","265.48"
"11/12/2011","173.05"
"12/12/2011","487.94"
"13/12/2011","121.4"
"14/12/2011","217.97"
"15/12/2011","163.44"
"16/12/2011","130.63"
"17/12/2011","351.35"
"18/12/2011","191.48"
"19/12/2011","368.98"
"20/12/2011","201.75"
"21/12/2011","215.32"
"22/12/2011","570.93"
"23/12/2011","1075.91"
"24/12/2011","572.88"
"25/12/2011","652.9"
"26/12/2011","380.47"
"27/12/2011","598.17"
"28/12/2011","209.23"
"29/12/2011","459.95"
"30/12/2011","1264.68"
"31/12/2011","839.04"
"1/1/2012","390.03"
"2/1/2012","819.88"
"3/1/2012","333.34"
"4/1/2012","206.84"
"5/1/2012","740.16"
"6/1/2012","384.33"
"7/1/2012","453.36"
"8/1/2012","141.41"
"9/1/2012","353.79"
"10/1/2012","448.44"
"11/1/2012","612.47"
"12/1/2012","476.58"
"13/1/2012","511.43"
"14/1/2012","1339.14"
"15/1/2012","482.28"
"16/1/2012","753.37"
"17/1/2012","194.64"
"18/1/2012","765.44"
"19/1/2012","423.67"
"20/1/2012","586.85"
"21/1/2012","521.64"
"22/1/2012","587.55"
"23/1/2012","981.18"
"24/1/2012","476.48"
"25/1/2012","311.9"
"26/1/2012","731.63"
"27/1/2012","484.92"
"28/1/2012","956.5"
"29/1/2012","669.76"
"30/1/2012","498.02"
"31/1/2012","513.63"
"1/2/2012","675.34"
"2/2/2012","855.67"
"3/2/2012","723.54"
"4/2/2012","670.86"
"5/2/2012","432.13"
"6/2/2012","640.43"
"7/2/2012","436.28"
"8/2/2012","353.44"
"9/2/2012","369.04"
"10/2/2012","661.72"
"11/2/2012","376.35"
"12/2/2012","76.68"
"13/2/2012","184.03"
"14/2/2012","111.96"
"15/2/2012","208.14"
"16/2/2012","265.66"
"17/2/2012","447.73"
"18/2/2012","128.78"
"19/2/2012","176.93"
"20/2/2012","203.33"
"21/2/2012","346.22"
"22/2/2012","136.28"
"23/2/2012","799.51"
"24/2/2012","341.5"
"25/2/2012","634.11"
"26/2/2012","226.98"
"27/2/2012","431.96"
"28/2/2012","114.38"
"29/2/2012","255.05"
"1/3/2012","46.23"
"2/3/2012","244.17"
"3/3/2012","217.07"
"4/3/2012","303.23"
"5/3/2012","292.77"
"6/3/2012","214.98"
"7/3/2012","58.99"
"8/3/2012","149.12"
"9/3/2012","114.65"
"10/3/2012","174.69"
"11/3/2012","57.73"
"12/3/2012","231.2"
"13/3/2012","49.16"
"14/3/2012","43.54"
"15/3/2012","20.91"
"16/3/2012","68.8"
"17/3/2012","8.96"
"18/3/2012","0"
"19/3/2012","83.66"
"20/3/2012","412.5"
"21/3/2012","10.53"
"22/3/2012","0"
"23/3/2012","33.45"
"24/3/2012","12.54"
"25/3/2012","0"
"26/3/2012","0"
"27/3/2012","0"
"28/3/2012","1.95"
"29/3/2012","0"
"30/3/2012","0"
"31/3/2012","0"
"1/4/2012","0"
"2/4/2012","0"
"3/4/2012","0"
"4/4/2012","0"
"5/4/2012","0"
"6/4/2012","0"
"7/4/2012","0"
"8/4/2012","0"
"9/4/2012","0"
"10/4/2012","0"
"11/4/2012","0"
"12/4/2012","804.07"
"13/4/2012","55.15"
"14/4/2012","0"
"15/4/2012","0"
"16/4/2012","0"
"17/4/2012","1406.41"
"18/4/2012","0"
"19/4/2012","0"
"20/4/2012","0"
"21/4/2012","0"
"22/4/2012","0"
"23/4/2012","0"
"24/4/2012","0"
"25/4/2012","0"
"26/4/2012","0"
"27/4/2012","0"
"28/4/2012","0"
"29/4/2012","0"
"30/4/2012","0"
"1/5/2012","0"
"2/5/2012","0"
"3/5/2012","0"
"4/5/2012","0"
"5/5/2012","0"
"6/5/2012","0"
"7/5/2012","0"
"8/5/2012","0"
"9/5/2012","0"
"10/5/2012","0"
"11/5/2012","324"
"12/5/2012","0"
"13/5/2012","0"
"14/5/2012","0"
"15/5/2012","602.05"
"16/5/2012","0"
"17/5/2012","0"
"18/5/2012","0"
"19/5/2012","0"
"20/5/2012","0"
"21/5/2012","0"
"22/5/2012","0"
"23/5/2012","0"
"24/5/2012","0"
"25/5/2012","0"
"26/5/2012","0"
"27/5/2012","0"
"28/5/2012","0"
"29/5/2012","0"
"30/5/2012","0"
"31/5/2012","0"
"1/6/2012","0"
"2/6/2012","0"
"3/6/2012","0"
"4/6/2012","0"
"5/6/2012","0"
"6/6/2012","0"
"7/6/2012","0"
"8/6/2012","0"
"9/6/2012","0"
"10/6/2012","0"
"11/6/2012","0"
"12/6/2012","0"
"13/6/2012","0"
"14/6/2012","0"
"15/6/2012","0"
"16/6/2012","0"
"17/6/2012","0"
"18/6/2012","0"
"19/6/2012","0"
"20/6/2012","0"
"21/6/2012","0"
"22/6/2012","0"
"23/6/2012","251.32"
"24/6/2012","0"
"25/6/2012","0"
"26/6/2012","340.12"
"27/6/2012","0"
"28/6/2012","71.41"
"29/6/2012","0"
"30/6/2012","0"
"1/7/2012","0"
"2/7/2012","0"
"3/7/2012","0"
"4/7/2012","0"
"5/7/2012","0"
"6/7/2012","0"
"7/7/2012","0"
"8/7/2012","0"
"9/7/2012","0"
"10/7/2012","0"
"11/7/2012","0"
"12/7/2012","0"
"13/7/2012","0"
"14/7/2012","0"
"15/7/2012","0"
"16/7/2012","0"
"17/7/2012","0"
"18/7/2012","0"
"19/7/2012","0"
"20/7/2012","0"
"21/7/2012","0"
"22/7/2012","0"
"23/7/2012","0"
"24/7/2012","0"
"25/7/2012","0"
"26/7/2012","0"
"27/7/2012","0"
"28/7/2012","0"
"29/7/2012","0"
"30/7/2012","0"
"31/7/2012","0"
"1/8/2012","0"
"2/8/2012","0"
"3/8/2012","0"
"4/8/2012","0"
"5/8/2012","0"
"6/8/2012","0"
"7/8/2012","0"
"8/8/2012","0"
"9/8/2012","0"
"10/8/2012","0"
"11/8/2012","0"
"12/8/2012","0"
"13/8/2012","0"
"14/8/2012","0"
"15/8/2012","0"
"16/8/2012","0"
"17/8/2012","0"
"18/8/2012","0"
"19/8/2012","0"
"20/8/2012","0"
"21/8/2012","0"
"22/8/2012","0"
"23/8/2012","0"
"24/8/2012","0"
"25/8/2012","0"
"26/8/2012","0"
"27/8/2012","0"
"28/8/2012","0"
"29/8/2012","0"
"30/8/2012","0"
"31/8/2012","0"
"1/9/2012","0"
"2/9/2012","0"
"3/9/2012","0"
"4/9/2012","0"
"5/9/2012","0"
"6/9/2012","0"
"7/9/2012","0"
"8/9/2012","0"
"9/9/2012","0"
"10/9/2012","0"
"11/9/2012","0"
"12/9/2012","0"
"13/9/2012","0"
"14/9/2012","0"
"15/9/2012","0"
"16/9/2012","0"
"17/9/2012","0"
"18/9/2012","0"
"19/9/2012","0"
"20/9/2012","0"
"21/9/2012","0"
"22/9/2012","0"
"23/9/2012","0"
"24/9/2012","0"
"25/9/2012","2.32"
"26/9/2012","0"
"27/9/2012","0"
"28/9/2012","0"
"29/9/2012","0"
"30/9/2012","0"
"1/10/2012","0"
"2/10/2012","0"
"3/10/2012","0"
"4/10/2012","6.15"
"5/10/2012","0"
"6/10/2012","0"
"7/10/2012","0"
"8/10/2012","2.41"
"9/10/2012","0"
"10/10/2012","0"
"11/10/2012","0"
"12/10/2012","0"
"13/10/2012","0"
"14/10/2012","0"
"15/10/2012","3.13"
"16/10/2012","1.38"
"17/10/2012","0"
"18/10/2012","8.68"
"19/10/2012","0"
"20/10/2012","0"
"21/10/2012","0"
"22/10/2012","0"
"23/10/2012","0"
"24/10/2012","0.7"
"25/10/2012","11.1"
"26/10/2012","15.5"
"27/10/2012","7.2"
"28/10/2012","0"
"29/10/2012","4.07"
"30/10/2012","5.01"
"31/10/2012","13.56"
"1/11/2012","17.48"
"2/11/2012","49.25"
"3/11/2012","9.44"
"4/11/2012","0"
"6/11/2012","22.57"
"7/11/2012","5.09"
"8/11/2012","77.82"
"9/11/2012","14.07"
"10/11/2012","65.54"
"11/11/2012","0"
"12/11/2012","10.88"
"13/11/2012","1.99"
"14/11/2012","20.65"
"15/11/2012","18.55"
"16/11/2012","52.96"
"17/11/2012","55.33"
"18/11/2012","9.66"
"19/11/2012","27.23"
"20/11/2012","39.87"
"21/11/2012","17.59"
"22/11/2012","24.84"
"23/11/2012","44.58"
"24/11/2012","94.61"
"25/11/2012","0"
"26/11/2012","35.02"
"27/11/2012","60.71"
"28/11/2012","263.5"
"29/11/2012","177.57"
"30/11/2012","92.81"
"1/12/2012","91.29"
"2/12/2012","150.47"
"3/12/2012","138.64"
"4/12/2012","113.64"
"5/12/2012","59.26"
"6/12/2012","176.99"
"7/12/2012","324.61"
"8/12/2012","297.44"
"9/12/2012","201.79"
"10/12/2012","189.49"
"11/12/2012","67.13"
"12/12/2012","270.7"
"13/12/2012","259.55"
"14/12/2012","381.72"
"15/12/2012","280.96"
"16/12/2012","423.74"
"17/12/2012","598.56"
"18/12/2012","269.54"
"19/12/2012","403.69"
"20/12/2012","882.55"
"21/12/2012","679.02"
"22/12/2012","803.14"
"23/12/2012","498.17"
"24/12/2012","891.11"
"25/12/2012","222.24"
"26/12/2012","371.93"
"27/12/2012","245.21"
"28/12/2012","569.75"
"29/12/2012","431.03"
"30/12/2012","880.61"
"31/12/2012","691.59"
"1/1/2013","180.18"
"2/1/2013","473.67"
"3/1/2013","557.11"
"4/1/2013","641.74"
"5/1/2013","878.58"
"6/1/2013","796.55"
"7/1/2013","1264.5"
"8/1/2013","511.27"
"9/1/2013","757.5"
"10/1/2013","977.3"
"11/1/2013","1299.85"
"12/1/2013","916.25"
"13/1/2013","715.31"
"14/1/2013","848.51"
"15/1/2013","624.08"
"16/1/2013","696.19"
"17/1/2013","1126.67"
"18/1/2013","942.52"
"19/1/2013","1446.18"
"20/1/2013","529.92"
"21/1/2013","1726.85"
"22/1/2013","618.22"
"23/1/2013","483.55"
"24/1/2013","673.09"
"25/1/2013","724.43"
"26/1/2013","967.98"
"27/1/2013","326.51"
"28/1/2013","527.09"
"29/1/2013","450.72"
"30/1/2013","490.54"
"31/1/2013","668.06"
"1/2/2013","1431.01"
"2/2/2013","1175.91"
"3/2/2013","217.17"
"4/2/2013","765.86"
"5/2/2013","281.92"
"6/2/2013","181.56"
"7/2/2013","633.9"
"8/2/2013","354.27"
"9/2/2013","524.89"
"10/2/2013","269.99"
"11/2/2013","456.1"
"12/2/2013","124.96"
"13/2/2013","507.1"
"14/2/2013","217.76"
"15/2/2013","625.33"
"16/2/2013","630.55"
"17/2/2013","101.5"
"18/2/2013","110.22"
"19/2/2013","159.23"
"20/2/2013","190.92"
"21/2/2013","110.99"
"22/2/2013","134.39"
"23/2/2013","168.93"
"24/2/2013","92.09"
"25/2/2013","320.94"
"26/2/2013","42.97"
"27/2/2013","51.52"
"28/2/2013","431.97"
"1/3/2013","78.63"
"2/3/2013","96.05"
"3/3/2013","29.3"
"4/3/2013","1328.42"
"5/3/2013","47.75"
"6/3/2013","33"
"7/3/2013","828.79"
"8/3/2013","21.42"
"9/3/2013","8.71"
"10/3/2013","5.76"
"11/3/2013","39.03"
"12/3/2013","8.34"
"13/3/2013","0"
"14/3/2013","7.67"
"15/3/2013","0"
"16/3/2013","0"
"17/3/2013","0"
"18/3/2013","0"
"19/3/2013","0"
"20/3/2013","0"
"21/3/2013","26.43"
"22/3/2013","0"
"23/3/2013","0"
"24/3/2013","0"
"25/3/2013","0"
"26/3/2013","194.4"
"27/3/2013","0"
"28/3/2013","0"
"29/3/2013","0"
"30/3/2013","0"
"31/3/2013","0"
"1/4/2013","105.78"
"2/4/2013","0"
"3/4/2013","0"
"4/4/2013","0"
"5/4/2013","957.52"
"6/4/2013","0"
"7/4/2013","0"
"8/4/2013","0"
"9/4/2013","0"
"10/4/2013","0"
"11/4/2013","0"
"12/4/2013","183.66"
"13/4/2013","0"
"14/4/2013","0"
"15/4/2013","0"
"16/4/2013","0"
"17/4/2013","0"
"18/4/2013","0"
"19/4/2013","0"
"20/4/2013","0"
"21/4/2013","0"
"22/4/2013","0"
"23/4/2013","50.88"
"24/4/2013","0"
"25/4/2013","0"
"26/4/2013","0"
"27/4/2013","0"
"28/4/2013","0"
"29/4/2013","0"
"30/4/2013","0"
"1/5/2013","0"
"2/5/2013","23.13"
"3/5/2013","0"
"4/5/2013","0"
"5/5/2013","47.91"
"6/5/2013","240.54"
"7/5/2013","442.38"
"8/5/2013","200"
"9/5/2013","0"
"10/5/2013","111.25"
"11/5/2013","0"
"12/5/2013","0"
"13/5/2013","0"
"14/5/2013","403.17"
"15/5/2013","0"
"16/5/2013","0"
"17/5/2013","0"
"18/5/2013","0"
"19/5/2013","0"
"20/5/2013","0"
"21/5/2013","53.82"
"22/5/2013","27.34"
"23/5/2013","85.53"
"24/5/2013","80.98"
"25/5/2013","0"
"26/5/2013","0"
"27/5/2013","41.31"
"28/5/2013","35.06"
"29/5/2013","130"
"30/5/2013","0"
"31/5/2013","0"
"1/6/2013","130"
"2/6/2013","0"
"3/6/2013","0"
"4/6/2013","0"
"5/6/2013","0"
"6/6/2013","56.41"
"7/6/2013","0"
"8/6/2013","0"
"9/6/2013","0"
"10/6/2013","422.03"
"11/6/2013","0"
"12/6/2013","0"
"13/6/2013","0"
"14/6/2013","0"
"15/6/2013","0"
"16/6/2013","0"
"17/6/2013","0"
"18/6/2013","0"
"19/6/2013","0"
"20/6/2013","0"
"21/6/2013","0"
"22/6/2013","0"
"23/6/2013","0"
"24/6/2013","0"
"25/6/2013","0"
"26/6/2013","0"
"27/6/2013","0"
"28/6/2013","0"
"29/6/2013","0"
"30/6/2013","0"
"1/7/2013","0"
"2/7/2013","0"
"3/7/2013","0"
"4/7/2013","0"
"5/7/2013","0"
"6/7/2013","0"
"7/7/2013","0"
"8/7/2013","0"
"9/7/2013","0"
"10/7/2013","0"
"11/7/2013","0"
"12/7/2013","0"
"13/7/2013","0"
"14/7/2013","0"
"15/7/2013","0"
"16/7/2013","0"
"17/7/2013","0"
"18/7/2013","0"
"19/7/2013","0"
"20/7/2013","0"
"21/7/2013","0"
"22/7/2013","0"
"23/7/2013","0"
"24/7/2013","0"
"25/7/2013","0"
"26/7/2013","0"
"27/7/2013","0"
"28/7/2013","0"
"29/7/2013","0"
"30/7/2013","0"
"31/7/2013","0"
"1/8/2013","0"
"2/8/2013","0"
"3/8/2013","0"
"4/8/2013","0"
"5/8/2013","0"
"6/8/2013","0"
"7/8/2013","0"
"8/8/2013","0"
"9/8/2013","0"
"10/8/2013","0"
"11/8/2013","0"
"12/8/2013","0"
"13/8/2013","0"
"14/8/2013","0"
"15/8/2013","0"
"16/8/2013","0"
"17/8/2013","0"
"18/8/2013","0"
"19/8/2013","0"
"20/8/2013","0"
"21/8/2013","0"
"22/8/2013","0"
"23/8/2013","0"
"24/8/2013","0"
"25/8/2013","0"
"26/8/2013","0"
"27/8/2013","0"
"28/8/2013","0"
"29/8/2013","0"
"30/8/2013","0"
"31/8/2013","0"
"1/9/2013","0"
"2/9/2013","0"
"3/9/2013","0"
"4/9/2013","0"
"5/9/2013","0"
"6/9/2013","0"
"7/9/2013","0"
"8/9/2013","0"
"9/9/2013","0"
"10/9/2013","0"
"11/9/2013","0"
"12/9/2013","0"
"13/9/2013","0"
"14/9/2013","0"
"15/9/2013","0"
"16/9/2013","0"
"17/9/2013","0"
"18/9/2013","0"
"19/9/2013","0"
"20/9/2013","0"
"21/9/2013","0"
"22/9/2013","0"
"23/9/2013","0"
"24/9/2013","0"
"25/9/2013","0"
"26/9/2013","0"
"27/9/2013","0"
"28/9/2013","0"
"29/9/2013","0"
"30/9/2013","0"
"1/10/2013","0"
"2/10/2013","0"
"3/10/2013","0"
"4/10/2013","0.78"
"5/10/2013","0"
"6/10/2013","0"
"7/10/2013","0"
"8/10/2013","0"
"9/10/2013","9.45"
"10/10/2013","0"
"11/10/2013","3.98"
"12/10/2013","0"
"13/10/2013","0"
"14/10/2013","0"
"15/10/2013","8.4"
"16/10/2013","5.39"
"17/10/2013","0"
"18/10/2013","0"
"19/10/2013","6.09"
"20/10/2013","0"
"21/10/2013","0"
"22/10/2013","0"
"23/10/2013","0"
"24/10/2013","0"
"25/10/2013","0"
"26/10/2013","4.96"
"27/10/2013","0"
"28/10/2013","0"
"29/10/2013","13.2"
"30/10/2013","5.4"
"31/10/2013","0"
"1/11/2013","25.08"
"2/11/2013","3.33"
"3/11/2013","3.66"
"4/11/2013","5.21"
"5/11/2013","5.11"
"6/11/2013","12.42"
"7/11/2013","11.9"
"8/11/2013","9.31"
"9/11/2013","4.4"
"10/11/2013","0"
"11/11/2013","5.66"
"12/11/2013","12.3"
"13/11/2013","19.32"
"14/11/2013","11.15"
"15/11/2013","41.34"
"16/11/2013","18.45"
"17/11/2013","5.47"
"18/11/2013","39.09"
"19/11/2013","61.21"
"20/11/2013","74.92"
"21/11/2013","81.16"
"22/11/2013","117.96"
"23/11/2013","93.7"
"24/11/2013","113.53"
"25/11/2013","91.06"
"26/11/2013","73.83"
"27/11/2013","118.29"
"28/11/2013","123.31"
"29/11/2013","180.26"
"30/11/2013","129.88"
"1/12/2013","448.4"
"2/12/2013","183.76"
"3/12/2013","239.86"
"4/12/2013","257.25"
"5/12/2013","295.33"
"6/12/2013","326.56"
"7/12/2013","272.55"
"8/12/2013","220"
"9/12/2013","296.98"
"10/12/2013","228.18"
"11/12/2013","332.58"
"12/12/2013","655.22"
"13/12/2013","842.18"
"14/12/2013","500.64"
"15/12/2013","415.24"
"16/12/2013","787.44"
"17/12/2013","348.26"
"18/12/2013","663.01"
"19/12/2013","761.58"
"20/12/2013","610.25"
"21/12/2013","667.21"
"22/12/2013","827.76"
"23/12/2013","686.24"
"24/12/2013","572.48"
"25/12/2013","234.49"
"26/12/2013","598.62"
"27/12/2013","560.35"
"28/12/2013","473.06"
"29/12/2013","565.06"
"30/12/2013","1203.55"
"31/12/2013","617.04"
"1/1/2014","180.14"
"2/1/2014","1158.83"
"3/1/2014","716.02"
"4/1/2014","732.18"
"5/1/2014","900.68"
"6/1/2014","1110.14"
"7/1/2014","614.41"
"8/1/2014","1063.83"
"9/1/2014","871.45"
"10/1/2014","1139.11"
"11/1/2014","1081.79"
"12/1/2014","1026.27"
"13/1/2014","1351.4"
"14/1/2014","1027.04"
"15/1/2014","2336.48"
"16/1/2014","1841.29"
"17/1/2014","1375.88"
"18/1/2014","1005.12"
"19/1/2014","1184.07"
"20/1/2014","1302.81"
"21/1/2014","1069.32"
"22/1/2014","1137.19"
"23/1/2014","2028.33"
"24/1/2014","1971.15"
"25/1/2014","1156.52"
"26/1/2014","966.03"
"27/1/2014","1454.98"
"28/1/2014","729.6"
"29/1/2014","682.53"
"30/1/2014","1100.77"
"31/1/2014","638.1"
"1/2/2014","1161.58"
"2/2/2014","678.16"
"3/2/2014","1041.63"
"4/2/2014","764.25"
"5/2/2014","594.25"
"6/2/2014","907.88"
"7/2/2014","1544.88"
"8/2/2014","664.69"
"9/2/2014","664.73"
"10/2/2014","586.58"
"11/2/2014","432.45"
"12/2/2014","947.04"
"13/2/2014","816.46"
"14/2/2014","957.92"
"15/2/2014","953.52"
"16/2/2014","632.66"
"17/2/2014","370.83"
"18/2/2014","535.78"
"19/2/2014","413.14"
"20/2/2014","619.9"
"21/2/2014","630.69"
"22/2/2014","309.13"
"23/2/2014","138.18"
"24/2/2014","444.21"
"25/2/2014","208.34"
"26/2/2014","187.59"
"27/2/2014","169.21"
"28/2/2014","252.44"
"1/3/2014","262.3"
"2/3/2014","118.1"
"3/3/2014","221.48"
"4/3/2014","41.3"
"5/3/2014","455.01"
"6/3/2014","325.43"
"7/3/2014","170.56"
"8/3/2014","255.1"
"9/3/2014","139.5"
"10/3/2014","160.47"
"11/3/2014","183.28"
"12/3/2014","464.66"
"13/3/2014","173.02"
"14/3/2014","140.44"
"15/3/2014","307.23"
"16/3/2014","141.47"
"17/3/2014","97.37"
"18/3/2014","31.3"
"19/3/2014","883.03"
"20/3/2014","161.6"
"21/3/2014","226.97"
"22/3/2014","279.74"
"23/3/2014","47.17"
"24/3/2014","256.15"
"25/3/2014","112.42"
"26/3/2014","444.87"
"27/3/2014","154.47"
"28/3/2014","603.38"
"29/3/2014","150.22"
"30/3/2014","41.48"
"31/3/2014","77.78"
"1/4/2014","86.13"
"2/4/2014","9.83"
"3/4/2014","93.67"
"4/4/2014","64.77"
"5/4/2014","73.71"
"6/4/2014","13"
"7/4/2014","85.68"
"8/4/2014","513.63"
"9/4/2014","3.31"
"10/4/2014","1.19"
"11/4/2014","0"
"12/4/2014","0"
"13/4/2014","0"
"14/4/2014","12.51"
"15/4/2014","0"
"16/4/2014","0"
"17/4/2014","0"
"18/4/2014","0"
"19/4/2014","0"
"20/4/2014","0"
"21/4/2014","0"
"22/4/2014","0"
"23/4/2014","0"
"24/4/2014","0"
"25/4/2014","0"
"26/4/2014","0"
"27/4/2014","0"
"28/4/2014","0"
"29/4/2014","0"
"30/4/2014","0"
"1/5/2014","0"
"2/5/2014","0"
"3/5/2014","0"
"4/5/2014","0"
"5/5/2014","0"
"6/5/2014","0"
"7/5/2014","0"
"8/5/2014","0"
"9/5/2014","0"
"10/5/2014","479.14"
"11/5/2014","0"
"12/5/2014","0"
"13/5/2014","0"
"14/5/2014","0"
"15/5/2014","0"
"16/5/2014","0"
"17/5/2014","0"
"18/5/2014","0"
"19/5/2014","49.82"
"20/5/2014","0"
"21/5/2014","1.79"
"22/5/2014","0"
"23/5/2014","0"
"24/5/2014","0"
"25/5/2014","0"
"26/5/2014","0"
"27/5/2014","0"
"28/5/2014","15.68"
"29/5/2014","0"
"30/5/2014","0"
"31/5/2014","0"
"1/6/2014","0"
"2/6/2014","0"
"3/6/2014","0"
"4/6/2014","0"
"5/6/2014","0"
"6/6/2014","853.66"
"7/6/2014","0"
"8/6/2014","0"
"9/6/2014","465.83"
"10/6/2014","0"
"11/6/2014","0"
"12/6/2014","0"
"13/6/2014","0"
"14/6/2014","0"
"15/6/2014","0"
"16/6/2014","0"
"17/6/2014","0"
"18/6/2014","0"
"19/6/2014","0"
"20/6/2014","0"
"21/6/2014","0"
"22/6/2014","0"
"23/6/2014","0"
"24/6/2014","0"
"25/6/2014","0"
"26/6/2014","0"
"27/6/2014","0"
"28/6/2014","0"
"29/6/2014","0"
"30/6/2014","0"
"1/7/2014","0"
"2/7/2014","0"
"3/7/2014","281.42"
"4/7/2014","0"
"5/7/2014","0"
"6/7/2014","0"
"7/7/2014","0"
"8/7/2014","51"
"9/7/2014","0"
"10/7/2014","0"
"11/7/2014","0"
"12/7/2014","0"
"13/7/2014","0"
"14/7/2014","0"
"15/7/2014","0"
"16/7/2014","0"
"17/7/2014","0"
"18/7/2014","0"
"19/7/2014","0"
"20/7/2014","0"
"21/7/2014","0"
"22/7/2014","0"
"23/7/2014","0"
"24/7/2014","0"
"25/7/2014","0"
"26/7/2014","0"
"27/7/2014","0"
"28/7/2014","0"
"29/7/2014","0"
"30/7/2014","0"
"31/7/2014","0"
"1/8/2014","0"
"2/8/2014","0"
"3/8/2014","0"
"4/8/2014","0"
"5/8/2014","0"
"6/8/2014","0"
"7/8/2014","0"
"8/8/2014","0"
"9/8/2014","0"
"10/8/2014","0"
"11/8/2014","0"
"12/8/2014","0"
"13/8/2014","0"
"14/8/2014","0"
"15/8/2014","0"
"16/8/2014","0"
"17/8/2014","0"
"18/8/2014","0"
"19/8/2014","0"
"20/8/2014","0"
"21/8/2014","0"
"22/8/2014","0"
"23/8/2014","0"
"24/8/2014","0"
"25/8/2014","0"
"26/8/2014","0"
"27/8/2014","0"
"28/8/2014","0"
"29/8/2014","0"
"30/8/2014","0"
"31/8/2014","0"
"1/9/2014","0"
"2/9/2014","0"
"3/9/2014","0"
"4/9/2014","0"
"5/9/2014","0"
"6/9/2014","0"
"7/9/2014","0"
"8/9/2014","0"
"9/9/2014","0"
"10/9/2014","0"
"11/9/2014","0"
"12/9/2014","0"
"13/9/2014","0"
"14/9/2014","0"
"15/9/2014","0"
"16/9/2014","0"
"17/9/2014","0"
"18/9/2014","0"
"19/9/2014","0"
"20/9/2014","0"
"21/9/2014","0"
"22/9/2014","0"
"23/9/2014","0"
"24/9/2014","0"
"25/9/2014","0"
"26/9/2014","0"
"27/9/2014","0"
"28/9/2014","0"
"29/9/2014","0"
"30/9/2014","0"
"1/10/2014","0"
"2/10/2014","0"
"3/10/2014","0"
"4/10/2014","0"
"5/10/2014","0"
"6/10/2014","0"
"7/10/2014","0"
"8/10/2014","0"
"9/10/2014","0"
"10/10/2014","0"
"11/10/2014","0"
"12/10/2014","0"
"13/10/2014","0"
"14/10/2014","0"
"15/10/2014","0"
"16/10/2014","0"
"17/10/2014","0"
"18/10/2014","0"
"19/10/2014","0"
"20/10/2014","4.61"
"21/10/2014","0"
"22/10/2014","1.18"
"23/10/2014","0"
"24/10/2014","4.37"
"25/10/2014","0.47"
"26/10/2014","4.09"
"27/10/2014","9.25"
"28/10/2014","1.38"
"29/10/2014","2.99"
"30/10/2014","12.87"
"31/10/2014","28.25"
"1/11/2014","7.26"
"2/11/2014","0"
"3/11/2014","13.82"
"4/11/2014","14.82"
"5/11/2014","18.16"
"6/11/2014","21.56"
"7/11/2014","37.81"
"8/11/2014","2"
"9/11/2014","7.2"
"10/11/2014","16.83"
"11/11/2014","36.54"
"12/11/2014","2.79"
"13/11/2014","27.05"
"14/11/2014","132.35"
"15/11/2014","21.21"
"16/11/2014","8.09"
"17/11/2014","37.54"
"18/11/2014","18.37"
"19/11/2014","43.45"
"20/11/2014","165.59"
"21/11/2014","174.25"
"22/11/2014","37.01"
"23/11/2014","74.57"
"24/11/2014","75.01"
"25/11/2014","217.6"
"26/11/2014","184.73"
"27/11/2014","294.66"
"28/11/2014","234.23"
"29/11/2014","117.9"
"30/11/2014","75.95"
"1/12/2014","116.41"
"2/12/2014","70.76"
"3/12/2014","181.29"
"4/12/2014","238.35"
"5/12/2014","180.91"
"6/12/2014","186.81"
"7/12/2014","89.33"
"8/12/2014","87.07"
"9/12/2014","256.53"
"10/12/2014","188.92"
"11/12/2014","263.96"
"12/12/2014","348.38"
"13/12/2014","250.19"
"14/12/2014","166.94"
"15/12/2014","137.92"
"16/12/2014","174.38"
"17/12/2014","353.53"
"18/12/2014","299.3"
"19/12/2014","583.35"
"20/12/2014","532.91"
"21/12/2014","313.37"
"22/12/2014","693.35"
"23/12/2014","264.16"
"24/12/2014","674.4"
"25/12/2014","287.1"
"26/12/2014","435.79"
"27/12/2014","357.26"
"28/12/2014","440.4"
"29/12/2014","693.81"
"30/12/2014","606.11"
"31/12/2014","755.17"
"1/1/2015","646.68"
"2/1/2015","733.81"
"3/1/2015","617.65"
"4/1/2015","623.79"
"5/1/2015","892.6"
"6/1/2015","931.32"
"7/1/2015","1144.29"
"8/1/2015","1724.06"
"9/1/2015","1418.22"
"10/1/2015","1725.45"
"11/1/2015","1485.09"
"12/1/2015","1068.56"
"13/1/2015","1094.91"
"14/1/2015","1275.3"
"15/1/2015","1297.78"
"16/1/2015","1281.99"
"17/1/2015","1211.29"
"18/1/2015","1502.03"
"19/1/2015","930.67"
"20/1/2015","1189.45"
"21/1/2015","1818.72"
"22/1/2015","1809.15"
"23/1/2015","1704.71"
"24/1/2015","1781.77"
"25/1/2015","1502.78"
"26/1/2015","1097.98"
"27/1/2015","1045.61"
"28/1/2015","1733.5"
"29/1/2015","2531.92"
"30/1/2015","1388.67"
"31/1/2015","1182.89"
"1/2/2015","1406.81"
"2/2/2015","1177.89"
"3/2/2015","907.51"
"4/2/2015","1321.14"
"5/2/2015","1731.43"
"6/2/2015","1689.85"
"7/2/2015","1067.58"
"8/2/2015","1135.03"
"9/2/2015","1301.98"
"10/2/2015","755.96"
"11/2/2015","1176.84"
"12/2/2015","1178.46"
"13/2/2015","1484.01"
"14/2/2015","1559.03"
"15/2/2015","776.67"
"16/2/2015","795.91"
"17/2/2015","924.14"
"18/2/2015","1119.57"
"19/2/2015","981.16"
"20/2/2015","1672.96"
"21/2/2015","1534.84"
"22/2/2015","1628.73"
"23/2/2015","1291.97"
"24/2/2015","671.68"
"25/2/2015","1289.2"
"26/2/2015","797.64"
"27/2/2015","979.06"
"28/2/2015","631.77"
"1/3/2015","564.54"
"2/3/2015","429.45"
"3/3/2015","412.12"
"4/3/2015","811.59"
"5/3/2015","673.89"
"6/3/2015","729.99"
"7/3/2015","599.84"
"8/3/2015","532.68"
"9/3/2015","792.31"
"10/3/2015","159.51"
"11/3/2015","339.36"
"12/3/2015","1148.96"
"13/3/2015","416.75"
"14/3/2015","630.99"
"15/3/2015","179.61"
"16/3/2015","362.37"
"17/3/2015","93.67"
"18/3/2015","175.27"
"19/3/2015","195.37"
"20/3/2015","419.01"
"21/3/2015","456.42"
"22/3/2015","33.35"
"23/3/2015","282.43"
"24/3/2015","836.44"
"25/3/2015","311.57"
"26/3/2015","138.94"
"27/3/2015","145.35"
"28/3/2015","50.94"
"29/3/2015","35"
"30/3/2015","16.08"
"31/3/2015","9.37"
"1/4/2015","0"
"2/4/2015","0"
"3/4/2015","0"
"4/4/2015","0"
"5/4/2015","0"
"6/4/2015","0"
"7/4/2015","0"
"8/4/2015","1019.78"
"9/4/2015","2.94"
"10/4/2015","4.47"
"11/4/2015","7.6"
"12/4/2015","0"
"13/4/2015","0"
"14/4/2015","560.82"
"15/4/2015","0"
"16/4/2015","86.84"
"17/4/2015","3.02"
"18/4/2015","0"
"19/4/2015","0"
"20/4/2015","0"
"21/4/2015","0"
"22/4/2015","375.44"
"23/4/2015","5.73"
"24/4/2015","0"
"25/4/2015","0"
"26/4/2015","0"
"27/4/2015","0"
"28/4/2015","0"
"29/4/2015","24.73"
"30/4/2015","0"
"1/5/2015","0"
"2/5/2015","0"
"3/5/2015","0"
"4/5/2015","0"
"5/5/2015","0"
"6/5/2015","0"
"7/5/2015","0"
"8/5/2015","0"
"9/5/2015","0"
"10/5/2015","0"
"11/5/2015","0"
"12/5/2015","75.85"
"13/5/2015","935.69"
"14/5/2015","0"
"15/5/2015","744.7"
"16/5/2015","0"
"17/5/2015","0"
"18/5/2015","0"
"19/5/2015","0"
"20/5/2015","250.21"
"21/5/2015","288.63"
"22/5/2015","326.14"
"23/5/2015","0"
"24/5/2015","0"
"25/5/2015","0"
"26/5/2015","0"
"27/5/2015","0"
"28/5/2015","0"
"29/5/2015","0"
"30/5/2015","0"
"31/5/2015","0"
"1/6/2015","0"
"2/6/2015","0"
"3/6/2015","0"
"4/6/2015","0"
"5/6/2015","0"
"6/6/2015","0"
"7/6/2015","0"
"8/6/2015","0"
"9/6/2015","0"
"10/6/2015","0"
"11/6/2015","0"
"12/6/2015","0"
"13/6/2015","0"
"14/6/2015","0"
"15/6/2015","0"
"16/6/2015","0"
"17/6/2015","0"
"18/6/2015","0"
"19/6/2015","0"
"20/6/2015","0"
"21/6/2015","0"
"22/6/2015","0"
"23/6/2015","0"
"24/6/2015","0"
"25/6/2015","0"
"26/6/2015","0"
"27/6/2015","0"
"28/6/2015","0"
"29/6/2015","0"
"30/6/2015","0"
"1/7/2015","0"
"2/7/2015","0"
"3/7/2015","0"
"4/7/2015","0"
"5/7/2015","0"
"6/7/2015","0"
"7/7/2015","0"
"8/7/2015","0"
"9/7/2015","0"
"10/7/2015","0"
"11/7/2015","0"
"12/7/2015","0"
"13/7/2015","0"
"14/7/2015","0"
"15/7/2015","0"
"16/7/2015","0"
"17/7/2015","0"
"18/7/2015","0"
"19/7/2015","0"
"20/7/2015","0"
"21/7/2015","0"
"22/7/2015","0"
"23/7/2015","0"
"24/7/2015","0"
"25/7/2015","0"
"26/7/2015","0"
"27/7/2015","0"
"28/7/2015","0"
"29/7/2015","0"
"30/7/2015","0"
"31/7/2015","0"
"1/8/2015","0"
"2/8/2015","0"
"3/8/2015","0"
"4/8/2015","0"
"5/8/2015","0"
"6/8/2015","0"
"7/8/2015","0"
"8/8/2015","0"
"9/8/2015","0"
"10/8/2015","0"
"11/8/2015","0"
"12/8/2015","0"
"13/8/2015","0"
"14/8/2015","0"
"15/8/2015","0"
"16/8/2015","0"
"17/8/2015","0"
"18/8/2015","0"
"19/8/2015","0"
"20/8/2015","0"
"21/8/2015","0"
"22/8/2015","0"
"23/8/2015","0"
"24/8/2015","0"
"25/8/2015","0"
"26/8/2015","0"
"27/8/2015","0"
"28/8/2015","0"
"29/8/2015","0"
"30/8/2015","0"
"31/8/2015","0"
"1/9/2015","0"
"2/9/2015","0"
"3/9/2015","0"
"4/9/2015","0"
"5/9/2015","0"
"6/9/2015","0"
"7/9/2015","0"
"8/9/2015","0"
"9/9/2015","0"
"10/9/2015","0"
"11/9/2015","0"
"12/9/2015","0"
"13/9/2015","0"
"14/9/2015","0"
"15/9/2015","0"
"16/9/2015","0"
"17/9/2015","0"
"18/9/2015","2.36"
"19/9/2015","0"
"20/9/2015","9.44"
"21/9/2015","0"
"22/9/2015","0"
"23/9/2015","0"
"24/9/2015","6.08"
"25/9/2015","18.5"
"26/9/2015","0"
"27/9/2015","0"
"28/9/2015","0"
"30/9/2015","0"
"1/10/2015","4.68"
"3/10/2015","0"
"4/10/2015","0"
"5/10/2015","0"
"6/10/2015","8.8"
"7/10/2015","5.03"
"8/10/2015","22.86"
"9/10/2015","0.75"
"10/10/2015","2.62"
"11/10/2015","22.45"
"12/10/2015","12.23"
"13/10/2015","0.28"
"14/10/2015","19.35"
"15/10/2015","23.61"
"16/10/2015","66"
"17/10/2015","13.96"
"18/10/2015","11.12"
"19/10/2015","40.06"
"20/10/2015","16.26"
"21/10/2015","3"
"22/10/2015","61.34"
"23/10/2015","27.69"
"24/10/2015","49.62"
"25/10/2015","23.09"
"26/10/2015","52.13"
"27/10/2015","3.21"
"28/10/2015","62.34"
"29/10/2015","188.4"
"30/10/2015","139.25"
"31/10/2015","83.48"
"1/11/2015","110.21"
"2/11/2015","64.31"
"3/11/2015","83.79"
"4/11/2015","183.65"
"5/11/2015","249.19"
"6/11/2015","251.6"
"7/11/2015","309.87"
"8/11/2015","141.67"
"9/11/2015","230.66"
"10/11/2015","132.71"
"11/11/2015","239.63"
"12/11/2015","367.19"
"13/11/2015","360.41"
"14/11/2015","374.54"
"15/11/2015","490.57"
"16/11/2015","304.22"
"17/11/2015","301.26"
"18/11/2015","659.78"
"19/11/2015","617.41"
"20/11/2015","496.5"
"21/11/2015","570.63"
"22/11/2015","541.92"
"23/11/2015","212.86"
"24/11/2015","361.49"
"25/11/2015","723.73"
"26/11/2015","734.15"
"27/11/2015","659.81"
"28/11/2015","728.75"
"29/11/2015","774.09"
"30/11/2015","437.35"
"1/12/2015","466.69"
"2/12/2015","495.17"
"3/12/2015","1026.9"
"4/12/2015","913.46"
"5/12/2015","713.14"
"6/12/2015","946.8"
"7/12/2015","522.22"
"8/12/2015","540.75"
"9/12/2015","988.17"
"10/12/2015","1279.53"
"11/12/2015","819.71"
"12/12/2015","1072.42"
"13/12/2015","1270.36"
"14/12/2015","780.22"
"15/12/2015","509.27"
"16/12/2015","1160.17"
"17/12/2015","1614.67"
"18/12/2015","1242.34"
"19/12/2015","1227.51"
"20/12/2015","1522.29"
"21/12/2015","927.79"
"22/12/2015","741.94"
"23/12/2015","1654.32"
"24/12/2015","1350.96"
"25/12/2015","897.37"
"26/12/2015","1484.18"
"27/12/2015","1143.47"
"28/12/2015","883.37"
"29/12/2015","914.83"
"30/12/2015","1531.11"
"31/12/2015","1694.85"
"1/1/2016","589.81"
"2/1/2016","1242"
"3/1/2016","1388.62"
"4/1/2016","806.72"
"5/1/2016","1219.29"
"6/1/2016","1883.98"
"7/1/2016","2613.8"
"8/1/2016","3191.64"
"9/1/2016","2496.87"
"10/1/2016","2473.45"
"11/1/2016","1348.14"
"12/1/2016","1714.49"
"13/1/2016","1648.12"
"14/1/2016","3120.61"
"15/1/2016","2942.53"
"16/1/2016","2426.6"
"17/1/2016","2550.65"
"18/1/2016","1397.84"
"19/1/2016","1029.55"
"20/1/2016","2541.6"
"21/1/2016","3187.6"
"22/1/2016","3133.46"
"23/1/2016","2866.63"
"24/1/2016","2843.65"
"25/1/2016","1634.28"
"26/1/2016","1346.52"
"27/1/2016","2225.2"
"28/1/2016","1640.47"
"29/1/2016","1885.71"
"30/1/2016","2164.41"
"31/1/2016","2143.47"
"1/2/2016","1267.57"
"2/2/2016","1260.58"
"3/2/2016","1500.57"
"4/2/2016","2337.47"
"5/2/2016","1465.96"
"6/2/2016","1882.84"
"7/2/2016","1293.23"
"8/2/2016","1125.74"
"9/2/2016","805.36"
"10/2/2016","1705.69"
"11/2/2016","1168.49"
"12/2/2016","873.74"
"13/2/2016","977.92"
"14/2/2016","1250.34"
"15/2/2016","906.41"
"16/2/2016","712.9"
"17/2/2016","1121.19"
"18/2/2016","457.09"
"19/2/2016","858.04"
"20/2/2016","833.02"
"21/2/2016","711.95"
"22/2/2016","865.89"
"23/2/2016","671.88"
"24/2/2016","871.83"
"25/2/2016","843.55"
"26/2/2016","682.56"
"27/2/2016","657"
"28/2/2016","625.57"
"29/2/2016","403.87"
"1/3/2016","309.36"
"2/3/2016","276.55"
"3/3/2016","642.95"
"4/3/2016","486.59"
"5/3/2016","518.18"
"6/3/2016","264.01"
"7/3/2016","520.13"
"8/3/2016","70.48"
"9/3/2016","248.99"
"10/3/2016","168.41"
"11/3/2016","170.46"
"12/3/2016","149.17"
"13/3/2016","209.66"
"14/3/2016","109.7"
"15/3/2016","104.62"
"16/3/2016","99.11"
"17/3/2016","49.69"
"18/3/2016","107.68"
"19/3/2016","18.8"
"20/3/2016","0"
"21/3/2016","22.27"
"22/3/2016","42.01"
"23/3/2016","0"
"24/3/2016","0"
"25/3/2016","0"
"26/3/2016","0"
"27/3/2016","0"
"28/3/2016","0"
"29/3/2016","0"
"30/3/2016","17.16"
"31/3/2016","0"
"1/4/2016","23.81"
"2/4/2016","12.69"
"3/4/2016","2.28"
"4/4/2016","16.8"
"5/4/2016","0"
"6/4/2016","0"
"7/4/2016","7.41"
"8/4/2016","0"
"9/4/2016","9.76"
"10/4/2016","0"
"11/4/2016","7.52"
"12/4/2016","0"
"13/4/2016","0"
"14/4/2016","0"
"15/4/2016","0"
"16/4/2016","0"
"17/4/2016","0"
"18/4/2016","0"
"19/4/2016","0"
"20/4/2016","0"
"21/4/2016","0"
"22/4/2016","0"
"23/4/2016","0"
"24/4/2016","0"
"25/4/2016","0"
"26/4/2016","0"
"27/4/2016","0"
"28/4/2016","0"
"29/4/2016","0"
"30/4/2016","0"
"1/5/2016","0"
"2/5/2016","0"
"3/5/2016","0"
"4/5/2016","0"
"5/5/2016","0"
"6/5/2016","0"
"7/5/2016","0"
"8/5/2016","0"
"9/5/2016","0"
"10/5/2016","0"
"11/5/2016","0"
"12/5/2016","0"
"13/5/2016","0"
"14/5/2016","0"
"15/5/2016","0"
"16/5/2016","0"
"17/5/2016","0"
"18/5/2016","0"
"19/5/2016","0"
"20/5/2016","0"
"21/5/2016","0"
"22/5/2016","0"
"23/5/2016","0"
"24/5/2016","0"
"25/5/2016","0"
"26/5/2016","0"
"27/5/2016","875.64"
"28/5/2016","0"
"29/5/2016","0"
"30/5/2016","0"
"31/5/2016","0"
"1/6/2016","0"
"2/6/2016","0"
"3/6/2016","0"
"4/6/2016","0"
"5/6/2016","0"
"6/6/2016","0"
"7/6/2016","0"
"8/6/2016","0"
"9/6/2016","0"
"10/6/2016","0"
"11/6/2016","0"
"12/6/2016","0"
"13/6/2016","0"
"14/6/2016","0"
"15/6/2016","0"
"16/6/2016","0"
"17/6/2016","0"
"18/6/2016","0"
"19/6/2016","0"
"20/6/2016","0"
"22/6/2016","130.5"
"23/6/2016","299.82"
"24/6/2016","0"
"25/6/2016","0"
"26/6/2016","0"
"27/6/2016","0"
"28/6/2016","0"
"29/6/2016","0"
"30/6/2016","699.43"
"1/7/2016","0"
"2/7/2016","0"
"3/7/2016","0"
"4/7/2016","0"
"5/7/2016","0"
"6/7/2016","0"
"7/7/2016","0"
"8/7/2016","90.79"
"9/7/2016","0"
"10/7/2016","0"
"11/7/2016","0"
"12/7/2016","0"
"13/7/2016","941.07"
"14/7/2016","0"
"15/7/2016","0"
"16/7/2016","0"
"17/7/2016","0"
"18/7/2016","0"
"19/7/2016","0"
"20/7/2016","0"
"21/7/2016","0"
"22/7/2016","0"
"23/7/2016","0"
"24/7/2016","0"
"25/7/2016","0"
"26/7/2016","0"
"27/7/2016","0"
"28/7/2016","0"
"29/7/2016","0"
"30/7/2016","0"
"31/7/2016","0"
"1/8/2016","0"
"2/8/2016","0"
"3/8/2016","0"
"4/8/2016","0"
"5/8/2016","0"
"6/8/2016","0"
"7/8/2016","0"
"8/8/2016","0"
"9/8/2016","0"
"10/8/2016","0"
"11/8/2016","0"
"12/8/2016","0"
"13/8/2016","0"
"14/8/2016","0"
"15/8/2016","0"
"16/8/2016","0"
"17/8/2016","0"
"18/8/2016","0"
"19/8/2016","0"
"20/8/2016","0"
"21/8/2016","0"
"22/8/2016","0"
"23/8/2016","0"
"24/8/2016","0"
"25/8/2016","0"
"26/8/2016","0"
"27/8/2016","0"
"28/8/2016","0"
"29/8/2016","0"
"30/8/2016","0"
"31/8/2016","0"
"1/9/2016","0"
"2/9/2016","0"
"3/9/2016","0"
"4/9/2016","0"
"5/9/2016","0"
"6/9/2016","0"
"7/9/2016","0"
"8/9/2016","0"
"9/9/2016","0"
"10/9/2016","0"
"11/9/2016","0"
"12/9/2016","0"
"13/9/2016","0"
"14/9/2016","0"
"15/9/2016","0"
"16/9/2016","0"
"17/9/2016","0"
"18/9/2016","0"
"19/9/2016","0"
"20/9/2016","0"
"21/9/2016","0"
"22/9/2016","0"
"23/9/2016","0"
"24/9/2016","0"
"25/9/2016","0"
"26/9/2016","0.74"
"27/9/2016","0"
"28/9/2016","0"
"29/9/2016","0"
"30/9/2016","2.66"
"1/10/2016","0"
"2/10/2016","0"
"3/10/2016","2.99"
"4/10/2016","1.54"
"5/10/2016","0"
"6/10/2016","18.1"
"7/10/2016","12.5"
"8/10/2016","6.32"
"9/10/2016","0"
"10/10/2016","14.15"
"11/10/2016","15.33"
"12/10/2016","27.21"
"13/10/2016","7.24"
"14/10/2016","18.59"
"15/10/2016","31.2"
"16/10/2016","6.14"
"17/10/2016","19.44"
"18/10/2016","13.5"
"19/10/2016","40.92"
"20/10/2016","45.82"
"21/10/2016","45.06"
"22/10/2016","45.36"
"23/10/2016","70.07"
"24/10/2016","44.83"
"25/10/2016","16.86"
"26/10/2016","85.54"
"27/10/2016","56.52"
"28/10/2016","141.99"
"29/10/2016","65.01"
"30/10/2016","75.12"
"31/10/2016","74.49"
"1/11/2016","31.03"
"2/11/2016","97.11"
"3/11/2016","150.14"
"4/11/2016","100.41"
"5/11/2016","289.55"
"6/11/2016","28.68"
"7/11/2016","273.15"
"8/11/2016","229.15"
"9/11/2016","351.64"
"10/11/2016","447.84"
"11/11/2016","360.4"
"12/11/2016","422.55"
"13/11/2016","519.73"
"14/11/2016","326.58"
"15/11/2016","272.05"
"16/11/2016","549.73"
"17/11/2016","823.31"
"18/11/2016","905.45"
"19/11/2016","669.73"
"20/11/2016","861.98"
"21/11/2016","494.09"
"22/11/2016","501.1"
"23/11/2016","698.34"
"24/11/2016","972.34"
"25/11/2016","1083.99"
"26/11/2016","1095.93"
"27/11/2016","1157.41"
"28/11/2016","827.88"
"29/11/2016","567.46"
"30/11/2016","1100.52"
"1/12/2016","1211.85"
"2/12/2016","1551.35"
"3/12/2016","1267.82"
"4/12/2016","1204.73"
"5/12/2016","675.49"
"6/12/2016","657.53"
"7/12/2016","1535.94"
"8/12/2016","998.1"
"9/12/2016","1256.85"
"10/12/2016","1790.33"
"11/12/2016","1549.09"
"12/12/2016","1046.07"
"13/12/2016","1178.64"
"14/12/2016","1911.23"
"15/12/2016","2169.52"
"16/12/2016","2605.34"
"17/12/2016","3190.56"
"18/12/2016","2549.15"
"19/12/2016","1579.24"
"20/12/2016","2204.49"
"21/12/2016","2086.9"
"22/12/2016","2835.86"
"23/12/2016","3129.56"
"24/12/2016","2414.64"
"25/12/2016","848.29"
"26/12/2016","1315.69"
"27/12/2016","1279.2"
"28/12/2016","2167.58"
"29/12/2016","2291.06"
"30/12/2016","3509.51"
"31/12/2016","3165.2"
"1/1/2017","1078.72"
"2/1/2017","1747.91"
"3/1/2017","1314.13"
"4/1/2017","2052"
"5/1/2017","3097.26"
"6/1/2017","3514.27"
"7/1/2017","3463.14"
"8/1/2017","3369.7"
"9/1/2017","1895.69"
"10/1/2017","2071.94"
"11/1/2017","2448.14"
"12/1/2017","2850.84"
"13/1/2017","3620.25"
"14/1/2017","3494.98"
"15/1/2017","2723.81"
"16/1/2017","1979.41"
"17/1/2017","1420.81"
"18/1/2017","1657.7"
"19/1/2017","2468.54"
"20/1/2017","3036.69"
"21/1/2017","2190.99"
"22/1/2017","2484.28"
"23/1/2017","1560.69"
"24/1/2017","931.92"
"25/1/2017","1720.48"
"26/1/2017","1938.34"
"27/1/2017","1591.82"
"28/1/2017","2117.62"
"29/1/2017","1919.33"
"30/1/2017","1323.01"
"31/1/2017","1600.03"
"1/2/2017","849.03"
"2/2/2017","1629.03"
"3/2/2017","1323.14"
"4/2/2017","1654.41"
"5/2/2017","1778.62"
"6/2/2017","914.39"
"7/2/2017","1098.35"
"8/2/2017","1621.8"
"9/2/2017","1252.8"
"10/2/2017","1721.67"
"11/2/2017","1627.12"
"12/2/2017","1150.32"
"13/2/2017","1297.55"
"14/2/2017","1001.28"
"15/2/2017","1218.85"
"16/2/2017","1315.17"
"17/2/2017","1175.98"
"18/2/2017","1324.94"
"19/2/2017","979.73"
"20/2/2017","876.66"
"21/2/2017","474.15"
"22/2/2017","732.86"
"23/2/2017","796.47"
"24/2/2017","1324.19"
"25/2/2017","780.1"
"26/2/2017","638.88"
"27/2/2017","768.31"
"28/2/2017","1812.76"
"1/3/2017","505.4"
"2/3/2017","554.25"
"3/3/2017","353.8"
"4/3/2017","342.76"
"5/3/2017","310.48"
"6/3/2017","216.46"
"7/3/2017","170.95"
"8/3/2017","287.95"
"9/3/2017","164.42"
"10/3/2017","362.63"
"11/3/2017","500.76"
"12/3/2017","183.6"
"13/3/2017","177.96"
"14/3/2017","141.88"
"15/3/2017","249.9"
"16/3/2017","82.12"
"17/3/2017","57.49"
"18/3/2017","134.77"
"19/3/2017","130.6"
"20/3/2017","81.5"
"21/3/2017","150.53"
"22/3/2017","66.15"
"23/3/2017","163.19"
"24/3/2017","117.76"
"25/3/2017","111.49"
"26/3/2017","49.54"
"27/3/2017","40.68"
"28/3/2017","8.92"
"29/3/2017","34.23"
"30/3/2017","50.72"
"31/3/2017","1031.63"
"1/4/2017","4.13"
"2/4/2017","10.98"
"3/4/2017","2.32"
"4/4/2017","2407.34"
"5/4/2017","5.07"
"6/4/2017","9.79"
"7/4/2017","17.54"
"8/4/2017","0"
"9/4/2017","2.61"
"10/4/2017","35.4"
"11/4/2017","0"
"12/4/2017","0"
"13/4/2017","0"
"14/4/2017","0"
"15/4/2017","0"
"16/4/2017","0"
"17/4/2017","0"
"18/4/2017","0"
"19/4/2017","0"
"20/4/2017","0"
"21/4/2017","0"
"22/4/2017","0"
"23/4/2017","0"
"24/4/2017","0"
"25/4/2017","0"
"26/4/2017","0"
"27/4/2017","0"
"28/4/2017","0"
"29/4/2017","0"
"30/4/2017","0"
"1/5/2017","0"
"2/5/2017","0"
"3/5/2017","0"
"4/5/2017","0"
"5/5/2017","0"
"6/5/2017","0"
"7/5/2017","0"
"8/5/2017","0"
"9/5/2017","0"
"10/5/2017","0"
"11/5/2017","0"
"12/5/2017","0"
"13/5/2017","0"
"14/5/2017","0"
"15/5/2017","0"
"16/5/2017","0"
"17/5/2017","0"
"18/5/2017","0"
"19/5/2017","0"
"20/5/2017","0"
"21/5/2017","0"
"22/5/2017","0"
"23/5/2017","60"
"24/5/2017","0"
"25/5/2017","0"
"26/5/2017","0"
"27/5/2017","0"
"28/5/2017","0"
"29/5/2017","0"
"30/5/2017","0"
"31/5/2017","0"
"1/6/2017","0"
"2/6/2017","0"
"3/6/2017","0"
"4/6/2017","0"
"5/6/2017","0"
"6/6/2017","0"
"7/6/2017","0"
"8/6/2017","0"
"9/6/2017","0"
"10/6/2017","0"
"11/6/2017","0"
"12/6/2017","0"
"13/6/2017","0"
"14/6/2017","0"
"15/6/2017","0"
"16/6/2017","0"
"17/6/2017","0"
"18/6/2017","0"
"19/6/2017","0"
"20/6/2017","0"
"21/6/2017","0"
"22/6/2017","3.59"
"23/6/2017","0"
"24/6/2017","0"
"25/6/2017","0"
"26/6/2017","0"
"27/6/2017","0"
"28/6/2017","0"
"29/6/2017","0"
"30/6/2017","0"
"1/7/2017","0"
"2/7/2017","0"
"3/7/2017","0"
"4/7/2017","0"
"5/7/2017","0"
"6/7/2017","0"
"7/7/2017","0"
"8/7/2017","0"
"9/7/2017","0"
"10/7/2017","0"
"11/7/2017","0"
"12/7/2017","0"
"13/7/2017","0"
"14/7/2017","0"
"15/7/2017","0"
"16/7/2017","0"
"17/7/2017","0"
"18/7/2017","0"
"19/7/2017","0"
"20/7/2017","0"
"21/7/2017","0"
"22/7/2017","0"
"23/7/2017","0"
"24/7/2017","0"
"25/7/2017","0"
"26/7/2017","0"
"27/7/2017","0"
"28/7/2017","0"
"29/7/2017","0"
"30/7/2017","0"
"31/7/2017","0"
"1/8/2017","0"
"2/8/2017","0"
"3/8/2017","0"
"4/8/2017","0"
"5/8/2017","0"
"6/8/2017","0"
"7/8/2017","0"
"8/8/2017","0"
"9/8/2017","0"
"10/8/2017","0"
"11/8/2017","0"
"12/8/2017","0"
"13/8/2017","0"
"14/8/2017","0"
"15/8/2017","0"
"16/8/2017","0"
"17/8/2017","0"
"18/8/2017","0"
"19/8/2017","0"
"20/8/2017","0"
"21/8/2017","0"
"22/8/2017","0"
"23/8/2017","0"
"24/8/2017","0"
"25/8/2017","1.95"
"26/8/2017","0"
"27/8/2017","0"
"28/8/2017","0"
"29/8/2017","0"
"30/8/2017","0"
"31/8/2017","0"
"1/9/2017","1.7"
"2/9/2017","0"
"3/9/2017","0"
"4/9/2017","0"
"5/9/2017","0"
"6/9/2017","0"
"7/9/2017","0"
"8/9/2017","0"
"9/9/2017","0"
"10/9/2017","0"
"11/9/2017","0"
"12/9/2017","0"
"13/9/2017","0"
"14/9/2017","0"
"15/9/2017","0"
"16/9/2017","0"
"17/9/2017","0"
"18/9/2017","4.04"
"19/9/2017","0"
"20/9/2017","0"
"21/9/2017","0.92"
"22/9/2017","0"
"23/9/2017","0"
"24/9/2017","0"
"25/9/2017","0"
"27/9/2017","0"
"28/9/2017","0"
"29/9/2017","0"
"30/9/2017","0"
"1/10/2017","0"
"2/10/2017","62.15"
"3/10/2017","15.79"
"4/10/2017","12.01"
"5/10/2017","26.48"
"6/10/2017","84.32"
"7/10/2017","7.96"
"8/10/2017","31.75"
"9/10/2017","66.6"
"10/10/2017","40.68"
"11/10/2017","53.77"
"12/10/2017","21.02"
"13/10/2017","91.96"
"14/10/2017","22.53"
"15/10/2017","30.67"
"16/10/2017","22.2"
"17/10/2017","63.89"
"18/10/2017","166.52"
"19/10/2017","208.91"
"20/10/2017","231.78"
"21/10/2017","226.35"
"22/10/2017","293.77"
"23/10/2017","273.82"
"24/10/2017","218.49"
"25/10/2017","457.12"
"26/10/2017","550.56"
"27/10/2017","889.21"
"28/10/2017","653.9"
"29/10/2017","691.69"
"30/10/2017","654.8"
"31/10/2017","602.78"
"1/11/2017","999.38"
"2/11/2017","1471.17"
"3/11/2017","997.27"
"4/11/2017","1781.11"
"5/11/2017","695.96"
"6/11/2017","860.45"
"7/11/2017","814.7"
"8/11/2017","1459.58"
"9/11/2017","1881.99"
"10/11/2017","1697.67"
"11/11/2017","1916.07"
"12/11/2017","1415.56"
"13/11/2017","1450.8"
"14/11/2017","1505.21"
"15/11/2017","2318.12"
"16/11/2017","2077.76"
"17/11/2017","3269.25"
"18/11/2017","2680.38"
"19/11/2017","2427.65"
"20/11/2017","2369.38"
"21/11/2017","2689.67"
"22/11/2017","2664.92"
"23/11/2017","3128.2"
"24/11/2017","3948.98"
"25/11/2017","2295.86"
"26/11/2017","2084.29"
"27/11/2017","2425.85"
"28/11/2017","2487.81"
"29/11/2017","3234.31"
"30/11/2017","3080.35"
"1/12/2017","1355.6"
"2/12/2017","1739.41"
"3/12/2017","863.31"
"4/12/2017","4628.55"
"5/12/2017","2165.67"
"6/12/2017","2240.89"
"7/12/2017","2516.35"
"8/12/2017","1908.29"
"9/12/2017","4118.7"
"10/12/2017","2372.63"
"11/12/2017","6383.6"
"12/12/2017","1481.6"
"13/12/2017","2835.86"
"14/12/2017","2867.38"
"15/12/2017","2626.48"
"16/12/2017","2136.31"
"17/12/2017","1659.19"
"18/12/2017","3633.93"
"19/12/2017","1447.33"
"20/12/2017","3080.33"
"21/12/2017","2486.7"
"22/12/2017","3355.6"
"23/12/2017","2664.92"
"24/12/2017","2737.63"
"25/12/2017","814.07"
"26/12/2017","1314.31"
"27/12/2017","1894.31"
"28/12/2017","2442.14"
"29/12/2017","2961.65"
"30/12/2017","3308.98"
"31/12/2017","2948.95"
"1/1/2018","559.35"
"2/1/2018","1710"
"3/1/2018","1453.03"
"4/1/2018","2481.78"
"5/1/2018","3134.04"
"6/1/2018","2636.39"
"7/1/2018","3179.31"
"8/1/2018","1714.92"
"9/1/2018","1368.05"
"10/1/2018","2084.44"
"11/1/2018","2776.4"
"12/1/2018","2977.51"
"13/1/2018","3030.67"
"14/1/2018","2849.69"
"15/1/2018","1799.77"
"16/1/2018","971.98"
"17/1/2018","1666.74"
"18/1/2018","2157.58"
"19/1/2018","2175.03"
"20/1/2018","2039.85"
"21/1/2018","2178.9"
"22/1/2018","1831.32"
"23/1/2018","1265.3"
"24/1/2018","1543.66"
"25/1/2018","2041.28"
"26/1/2018","2325.7"
"27/1/2018","1885.67"
"28/1/2018","1574.97"
"29/1/2018","1019.29"
"30/1/2018","794.29"
"31/1/2018","1090.36"
"1/2/2018","1204.29"
"2/2/2018","1048.86"
"3/2/2018","773.57"
"4/2/2018","1024.53"
"5/2/2018","659.22"
"6/2/2018","424.41"
"7/2/2018","688.53"
"8/2/2018","690.21"
"9/2/2018","892.16"
"10/2/2018","565.41"
"11/2/2018","479.72"
"12/2/2018","305.06"
"13/2/2018","252.22"
"14/2/2018","311.27"
"15/2/2018","305.53"
"16/2/2018","549.44"
"17/2/2018","444.24"
"18/2/2018","424.63"
"19/2/2018","232.27"
"20/2/2018","147.73"
"21/2/2018","163.01"
"22/2/2018","227.28"
"23/2/2018","147.72"
"24/2/2018","270"
"25/2/2018","86.18"
"26/2/2018","113.16"
"27/2/2018","121.55"
"28/2/2018","46.27"
"1/3/2018","91"
"2/3/2018","91.68"
"3/3/2018","57.5"
"4/3/2018","48.51"
"5/3/2018","37.45"
"6/3/2018","23.73"
"7/3/2018","12.87"
"8/3/2018","64.64"
"9/3/2018","43.68"
"10/3/2018","6.94"
"11/3/2018","3.72"
"12/3/2018","38.28"
"13/3/2018","5.14"
"14/3/2018","114.31"
"15/3/2018","8.1"
"16/3/2018","9.99"
"17/3/2018","10.65"
"18/3/2018","2.95"
"19/3/2018","6.02"
"20/3/2018","11.23"
"21/3/2018","0"
"22/3/2018","0"
"23/3/2018","0"
"24/3/2018","0"
"25/3/2018","0"
"26/3/2018","0"
"27/3/2018","0"
"28/3/2018","0"
"29/3/2018","0"
"30/3/2018","0"
"31/3/2018","0"
"1/4/2018","0"
"2/4/2018","0"
"3/4/2018","0"
"4/4/2018","0"
"5/4/2018","0"
"6/4/2018","0"
"7/4/2018","0"
"8/4/2018","0"
"9/4/2018","0"
"10/4/2018","0"
"11/4/2018","0"
"12/4/2018","0"
"13/4/2018","0"
"14/4/2018","0"
"15/4/2018","0"
"16/4/2018","0"
"17/4/2018","0"
"18/4/2018","0"
"19/4/2018","0"
"20/4/2018","0"
"21/4/2018","0"
"22/4/2018","0"
"23/4/2018","0"
"24/4/2018","0"
"25/4/2018","0"
"26/4/2018","0"
"27/4/2018","0"
"28/4/2018","0"
"29/4/2018","0"
"30/4/2018","0"
"1/5/2018","0"
"2/5/2018","0"
"3/5/2018","0"
"4/5/2018","0"
"5/5/2018","0"
"6/5/2018","0"
"7/5/2018","0"
"8/5/2018","0"
"9/5/2018","0"
"10/5/2018","0"
"11/5/2018","0"
"12/5/2018","0"
"13/5/2018","0"
"14/5/2018","0"
"15/5/2018","0"
"16/5/2018","0"
"17/5/2018","0"
"18/5/2018","0"
"19/5/2018","0"
"20/5/2018","0"
"21/5/2018","0"
"22/5/2018","0"
"23/5/2018","0"
"24/5/2018","0"
"25/5/2018","0"
"26/5/2018","0"
"27/5/2018","0"
"28/5/2018","0"
"29/5/2018","0"
"30/5/2018","0"
"31/5/2018","0"
"1/6/2018","0"
"2/6/2018","0"
"3/6/2018","0"
"4/6/2018","0"
"5/6/2018","0"
"6/6/2018","0"
"7/6/2018","0"
"8/6/2018","0"
"9/6/2018","0"
"10/6/2018","0"
"11/6/2018","0"
"12/6/2018","0"
"13/6/2018","0"
"14/6/2018","0"
"15/6/2018","0"
"16/6/2018","0"
"17/6/2018","0"
"18/6/2018","0"
"19/6/2018","0"
"20/6/2018","0"
"21/6/2018","0"
"22/6/2018","0"
"23/6/2018","0"
"24/6/2018","0"
"25/6/2018","0"
"26/6/2018","0"
"27/6/2018","0"
"28/6/2018","0"
"29/6/2018","0"
"30/6/2018","0"
"1/7/2018","0"
"2/7/2018","0"
"3/7/2018","0"
"4/7/2018","0"
"5/7/2018","0"
"6/7/2018","0"
"7/7/2018","0"
"8/7/2018","0"
"9/7/2018","0"
"10/7/2018","0"
"11/7/2018","0"
"12/7/2018","0"
"13/7/2018","0"
"14/7/2018","0"
"15/7/2018","0"
"16/7/2018","0"
"17/7/2018","0"
"18/7/2018","0"
"19/7/2018","0"
"20/7/2018","0"
"21/7/2018","0"
"22/7/2018","0"
"23/7/2018","0"
"24/7/2018","0"
"25/7/2018","0"
"26/7/2018","0"
"27/7/2018","0"
"28/7/2018","0"
"29/7/2018","0"
"30/7/2018","0"
"31/7/2018","0"
"1/8/2018","0"
"2/8/2018","0"
"3/8/2018","0"
"4/8/2018","0"
"5/8/2018","0"
"6/8/2018","0"
"7/8/2018","0"
"8/8/2018","0"
"10/8/2018","0"
"11/8/2018","0"
"12/8/2018","0"
"13/8/2018","0"
"14/8/2018","0"
"15/8/2018","0"
"16/8/2018","0"
"17/8/2018","0"
"18/8/2018","0"
"19/8/2018","0"
"20/8/2018","0"
"21/8/2018","0"
"22/8/2018","0"
"23/8/2018","0"
"24/8/2018","0"
"25/8/2018","0"
"26/8/2018","0"
"27/8/2018","0"
"28/8/2018","0"
"29/8/2018","0"
"30/8/2018","0"
"31/8/2018","0"
"1/9/2018","0"
"2/9/2018","0"
"3/9/2018","0.97"
"4/9/2018","0"
"6/9/2018","0"
"7/9/2018","0"
"8/9/2018","0"
"9/9/2018","0"
"10/9/2018","0"
"11/9/2018","0"
"12/9/2018","24.74"
"13/9/2018","12.42"
"14/9/2018","27.24"
"15/9/2018","0"
"16/9/2018","0"
"17/9/2018","0"
"18/9/2018","17.99"
"19/9/2018","2.37"
"20/9/2018","13.3"
"21/9/2018","20.33"
"22/9/2018","37.6"
"23/9/2018","0"
"24/9/2018","14.99"
"25/9/2018","6.62"
"26/9/2018","37.23"
"27/9/2018","20.56"
"28/9/2018","45.19"
"29/9/2018","47.17"
"30/9/2018","20.19"
"1/10/2018","27.12"
"2/10/2018","6.8"
"3/10/2018","17.04"
"4/10/2018","17.34"
"5/10/2018","13.61"
"6/10/2018","8.21"
"7/10/2018","16.78"
"8/10/2018","3.17"
"9/10/2018","5.68"
"10/10/2018","15.81"
"11/10/2018","17.92"
"12/10/2018","23.35"
"13/10/2018","42.01"
"14/10/2018","7.08"
"15/10/2018","2.71"
"16/10/2018","2.58"
"17/10/2018","11.79"
"18/10/2018","16.12"
"19/10/2018","70.28"
"20/10/2018","69.74"
"21/10/2018","20.95"
"22/10/2018","25.08"
"23/10/2018","30.06"
"24/10/2018","78.7"
"25/10/2018","69.45"
"26/10/2018","69.12"
"27/10/2018","74.89"
"28/10/2018","55.3"
"29/10/2018","39.48"
"30/10/2018","66.53"
"31/10/2018","136.23"
"1/11/2018","162.2"
"2/11/2018","204.14"
"3/11/2018","169.4"
"4/11/2018","90.07"
"5/11/2018","137.06"
"6/11/2018","220.76"
"7/11/2018","261.22"
"8/11/2018","352.54"
"9/11/2018","409.75"
"10/11/2018","461.39"
"11/11/2018","506.52"
"12/11/2018","300.54"
"13/11/2018","276.02"
"14/11/2018","523.55"
"15/11/2018","740.06"
"16/11/2018","671.77"
"17/11/2018","633.64"
"18/11/2018","672.6"
"19/11/2018","425.69"
"20/11/2018","314.15"
"21/11/2018","772.88"
"22/11/2018","1033.59"
"23/11/2018","1376"
"24/11/2018","1372.68"
"25/11/2018","1473.39"
"26/11/2018","856.8"
"27/11/2018","1142.28"
"28/11/2018","1312.98"
"29/11/2018","2070.13"
"30/11/2018","2048.33"
"1/12/2018","2077.13"
"2/12/2018","1866.1"
"3/12/2018","1390.78"
"4/12/2018","898.19"
"5/12/2018","1626.09"
"6/12/2018","2186.48"
"7/12/2018","2049.13"
"8/12/2018","2150.01"
"9/12/2018","2891.27"
"10/12/2018","1870.82"
"11/12/2018","1778.31"
"12/12/2018","3725.38"
"13/12/2018","4153.14"
"14/12/2018","4037.46"
"15/12/2018","3156.69"
"16/12/2018","3826.25"
"17/12/2018","2527.27"
"18/12/2018","1718.96"
"19/12/2018","3112.84"
"20/12/2018","4491.41"
"21/12/2018","4186.85"
"22/12/2018","4047.63"
"23/12/2018","4697.51"
"24/12/2018","3174.89"
"25/12/2018","1458.22"
"26/12/2018","2334.34"
"27/12/2018","3226.65"
"28/12/2018","3637.77"
"29/12/2018","4148.92"
"30/12/2018","4613.14"
"31/12/2018","3082.25"
"1/1/2019","946.2"
"2/1/2019","2386.3"
"3/1/2019","3355.63"
"4/1/2019","4421.08"
"5/1/2019","5377.84"
"6/1/2019","5951.33"
"7/1/2019","3391.29"
"8/1/2019","3907.26"
"9/1/2019","5004.19"
"10/1/2019","5767.07"
"11/1/2019","5579.16"
"12/1/2019","4868.65"
"13/1/2019","4527.01"
"14/1/2019","4893.7"
"15/1/2019","3289.99"
"16/1/2019","4985.55"
"17/1/2019","4841.41"
"18/1/2019","4989.35"
"19/1/2019","4815.38"
"20/1/2019","5217.33"
"21/1/2019","2376.83"
"22/1/2019","2296.81"
"23/1/2019","3130.6"
"24/1/2019","4737.7"
"25/1/2019","3947.64"
"26/1/2019","5051.68"
"27/1/2019","4690.09"
"28/1/2019","2872.1"
"29/1/2019","2339.47"
"30/1/2019","3935.31"
"31/1/2019","3812.85"
"1/2/2019","3482.82"
"2/2/2019","4206.88"
"3/2/2019","3231.82"
"4/2/2019","2343.07"
"5/2/2019","1757.12"
"6/2/2019","2879.71"
"7/2/2019","3308.48"
"8/2/2019","4026.23"
"9/2/2019","3140.26"
"10/2/2019","3446.69"
"11/2/2019","2046.3"
"12/2/2019","1394.41"
"13/2/2019","2708.45"
"14/2/2019","3220.58"
"15/2/2019","3227.57"
"16/2/2019","2852.06"
"17/2/2019","3084.4"
"18/2/2019","2060.99"
"19/2/2019","1167.02"
"20/2/2019","2327.8"
"21/2/2019","2465.98"
"22/2/2019","2012.03"
"23/2/2019","2836.46"
"24/2/2019","2824.22"
"25/2/2019","1752.21"
"26/2/2019","1769.33"
"27/2/2019","1625.78"
"28/2/2019","2613.85"
"1/3/2019","2595.99"
"2/3/2019","2268.42"
"3/3/2019","1464.41"
"4/3/2019","1854.44"
"5/3/2019","781.88"
"6/3/2019","681.97"
"7/3/2019","989.75"
"8/3/2019","456.99"
"9/3/2019","801.87"
"10/3/2019","437.69"
"11/3/2019","352.93"
"12/3/2019","172.66"
"13/3/2019","165.47"
"14/3/2019","347.53"
"15/3/2019","324.09"
"16/3/2019","306.92"
"17/3/2019","167.06"
"18/3/2019","199.01"
"19/3/2019","184.33"
"20/3/2019","239.68"
"21/3/2019","175.11"
"22/3/2019","168.3"
"23/3/2019","171.01"
"24/3/2019","56.79"
"25/3/2019","56.51"
"26/3/2019","30.48"
"27/3/2019","42.22"
"28/3/2019","0"
"29/3/2019","0"
"30/3/2019","0"
"31/3/2019","0"
"1/4/2019","0"
"2/4/2019","0"
"3/4/2019","0"
"4/4/2019","0"
"5/4/2019","6.99"
"6/4/2019","0"
"7/4/2019","0"
"8/4/2019","17.06"
"9/4/2019","0"
"10/4/2019","0"
"11/4/2019","0"
"12/4/2019","0"
"13/4/2019","0"
"14/4/2019","0"
"15/4/2019","0"
"16/4/2019","0"
"17/4/2019","0"
"18/4/2019","0"
"19/4/2019","0"
"20/4/2019","0"
"21/4/2019","0"
"22/4/2019","0"
"23/4/2019","0"
"24/4/2019","0"
"25/4/2019","0"
"26/4/2019","0"
"27/4/2019","0"
"28/4/2019","0"
"29/4/2019","0"
"30/4/2019","0"
"1/5/2019","0"
"2/5/2019","0"
"3/5/2019","0"
"4/5/2019","0"
"5/5/2019","0"
"6/5/2019","0"
"7/5/2019","0"
"8/5/2019","0"
"9/5/2019","0"
"10/5/2019","0"
"11/5/2019","0"
"12/5/2019","0"
"13/5/2019","0"
"14/5/2019","0"
"15/5/2019","0"
"16/5/2019","0"
"17/5/2019","0"
"18/5/2019","0"
"19/5/2019","0"
"20/5/2019","0"
"21/5/2019","0"
"22/5/2019","0"
"23/5/2019","0"
"24/5/2019","0"
"25/5/2019","0"
"26/5/2019","0"
"27/5/2019","0"
"28/5/2019","0"
"29/5/2019","0"
"30/5/2019","0"
"31/5/2019","0"
"1/6/2019","0"
"2/6/2019","0"
"3/6/2019","0"
"4/6/2019","0"
"5/6/2019","0"
"6/6/2019","0"
"7/6/2019","0"
"8/6/2019","0"
"9/6/2019","0"
"10/6/2019","0"
"11/6/2019","0"
"12/6/2019","0"
"13/6/2019","0"
"14/6/2019","0"
"15/6/2019","0"
"16/6/2019","0"
"17/6/2019","0"
"18/6/2019","0"
"19/6/2019","0"
"20/6/2019","0"
"21/6/2019","0"
"22/6/2019","0"
"23/6/2019","0"
"24/6/2019","0"
"25/6/2019","0"
"26/6/2019","0"
"27/6/2019","0"
"28/6/2019","0"
"29/6/2019","0"
"30/6/2019","0"
"1/7/2019","0"
"2/7/2019","0"
"3/7/2019","0"
"4/7/2019","0"
"5/7/2019","0"
"6/7/2019","0"
"7/7/2019","0"
"8/7/2019","0"
"9/7/2019","0"
"10/7/2019","0"
"11/7/2019","0"
"12/7/2019","0"
"13/7/2019","0"
"14/7/2019","0"
"15/7/2019","0"
"16/7/2019","0"
"17/7/2019","0"
"18/7/2019","0"
"19/7/2019","0"
"20/7/2019","0"
"21/7/2019","0"
"22/7/2019","0"
"23/7/2019","0"
"24/7/2019","0"
"25/7/2019","0"
"26/7/2019","0"
"27/7/2019","0"
"28/7/2019","0"
"29/7/2019","0"
"30/7/2019","0"
"31/7/2019","0"
"1/8/2019","0"
"2/8/2019","0"
"3/8/2019","0"
"4/8/2019","0"
"5/8/2019","0"
"6/8/2019","0"
"7/8/2019","0"
"8/8/2019","0"
"9/8/2019","0"
"10/8/2019","0"
"11/8/2019","0"
"12/8/2019","0"
"13/8/2019","0"
"14/8/2019","0"
"15/8/2019","0"
"16/8/2019","0"
"17/8/2019","0"
"18/8/2019","0"
"19/8/2019","0"
"20/8/2019","0"
"21/8/2019","0"
"22/8/2019","0"
"23/8/2019","0"
"24/8/2019","0"
"25/8/2019","0"
"26/8/2019","0"
"27/8/2019","0"
"28/8/2019","0"
"29/8/2019","0"
"30/8/2019","0"
"31/8/2019","0"
"1/9/2019","0"
"2/9/2019","0"
"3/9/2019","0"
"4/9/2019","0"
"5/9/2019","0"
"6/9/2019","0"
"7/9/2019","0"
"8/9/2019","0"
"9/9/2019","0"
"10/9/2019","0"
"11/9/2019","0"
"12/9/2019","0"
"13/9/2019","0"
"14/9/2019","0"
"15/9/2019","0"
"16/9/2019","0"
"17/9/2019","0"
"18/9/2019","0"
"19/9/2019","0"
"20/9/2019","0"
"21/9/2019","0"
"22/9/2019","0"
"23/9/2019","0"
"24/9/2019","0"
"25/9/2019","0"
"26/9/2019","0"
"27/9/2019","0"
"28/9/2019","0"
"29/9/2019","0"
"30/9/2019","0"
"1/10/2019","0"
"2/10/2019","0"
"3/10/2019","0"
"4/10/2019","0"
"5/10/2019","0"
"6/10/2019","0"
"7/10/2019","0"
"8/10/2019","3.11"
"9/10/2019","0"
"10/10/2019","0"
"11/10/2019","0"
"12/10/2019","0"
"13/10/2019","0"
"14/10/2019","0"
"15/10/2019","0"
"16/10/2019","0"
"17/10/2019","0"
"18/10/2019","0"
"19/10/2019","0"
"20/10/2019","0"
"21/10/2019","0"
"22/10/2019","1.59"
"23/10/2019","18.12"
"24/10/2019","14.78"
"25/10/2019","72.63"
"26/10/2019","176.39"
"27/10/2019","116.36"
"28/10/2019","104.21"
"29/10/2019","143.42"
"30/10/2019","302.24"
"31/10/2019","283.32"
"1/11/2019","560.49"
"2/11/2019","483.46"
"3/11/2019","523.18"
"4/11/2019","264.06"
"5/11/2019","225.16"
"6/11/2019","481.09"
"7/11/2019","552.55"
"8/11/2019","629.83"
"9/11/2019","636.04"
"10/11/2019","787.39"
"11/11/2019","299.47"
"12/11/2019","324.03"
"13/11/2019","1009.07"
"14/11/2019","805.05"
"15/11/2019","1184.57"
"16/11/2019","1013.75"
"17/11/2019","923.4"
"18/11/2019","696.12"
"19/11/2019","584.24"
"20/11/2019","980.02"
"21/11/2019","1381.25"
"22/11/2019","1273.75"
"23/11/2019","1270.78"
"24/11/2019","1327.54"
"25/11/2019","801.19"
"26/11/2019","749.17"
"27/11/2019","1808.98"
"28/11/2019","2157.12"
"29/11/2019","2523.52"
"30/11/2019","2662.92"
"1/12/2019","3138.68"
"2/12/2019","1594.5"
"3/12/2019","1535.36"
"4/12/2019","2197.92"
"5/12/2019","2852.64"
"6/12/2019","3123.56"
"7/12/2019","3227.45"
"8/12/2019","3446.77"
"9/12/2019","1593.09"
"10/12/2019","2076.73"
"11/12/2019","5039.04"
"12/12/2019","5095.12"
"13/12/2019","5823.66"
"14/12/2019","4817.15"
"15/12/2019","5208.68"
"16/12/2019","4151.11"
"17/12/2019","4659.16"
"18/12/2019","6355.45"
"19/12/2019","8032.18"
"20/12/2019","5742.14"
"21/12/2019","6320.25"
"22/12/2019","5839.92"
"23/12/2019","4316.21"
"24/12/2019","4153.47"
"25/12/2019","3859.45"
"26/12/2019","6255.17"
"27/12/2019","5455.84"
"28/12/2019","6441.3"
"29/12/2019","7293.03"
"30/12/2019","4974.55"
"31/12/2019","3788.16"
"1/1/2020","1820.83"
"2/1/2020","5016.72"
"3/1/2020","3840.22"
"4/1/2020","6313.99"
"5/1/2020","6294.15"
"6/1/2020","3871.15"
"7/1/2020","3509.54"
"8/1/2020","6541.54"
"9/1/2020","6153.62"
"10/1/2020","5671.17"
"11/1/2020","7100.34"
"12/1/2020","6038.74"
"13/1/2020","2860.09"
"14/1/2020","4140.11"
"15/1/2020","5127.39"
"16/1/2020","5180.44"
"17/1/2020","4923.26"
"18/1/2020","3869.71"
"19/1/2020","3696.3"
"20/1/2020","1813.29"
"21/1/2020","1685.32"
"22/1/2020","2696.79"
"23/1/2020","2117.33"
"24/1/2020","1881.97"
"25/1/2020","1987.58"
"26/1/2020","1562.86"
"27/1/2020","817.85"
"28/1/2020","550.4"
"29/1/2020","1205.59"
"30/1/2020","1084.52"
"31/1/2020","1121.37"
"1/2/2020","1168.02"
"2/2/2020","1078.18"
"3/2/2020","689.04"
"4/2/2020","543.26"
"5/2/2020","1057.05"
"6/2/2020","1200.38"
"7/2/2020","1420.57"
"8/2/2020","1002.03"
"9/2/2020","1078.94"
"10/2/2020","541.69"
"11/2/2020","671.11"
"12/2/2020","967.74"
"13/2/2020","1064.71"
"14/2/2020","833.36"
"15/2/2020","757.84"
"16/2/2020","504.81"
"17/2/2020","510.57"
"18/2/2020","388.15"
"19/2/2020","304.47"
"20/2/2020","478.41"
"21/2/2020","430.4"
"22/2/2020","397.99"
"23/2/2020","248.55"
"24/2/2020","243.73"
"25/2/2020","93.25"
"26/2/2020","262.66"
"27/2/2020","144.72"
"28/2/2020","193.77"
"29/2/2020","89.44"
"1/3/2020","85.35"
"2/3/2020","86.85"
"3/3/2020","8.69"
"4/3/2020","32.58"
"5/3/2020","26.39"
"6/3/2020","17.57"
"7/3/2020","17.8"
"8/3/2020","21.56"
"9/3/2020","19.25"
"10/3/2020","22.28"
"11/3/2020","6.12"
"12/3/2020","8.77"
"13/3/2020","27.63"
"14/3/2020","16.51"
"15/3/2020","33.52"
"16/3/2020","3.44"
"17/3/2020","0"
"18/3/2020","0"
"19/3/2020","0"
"20/3/2020","0"
"21/3/2020","0"
"22/3/2020","0"
"23/3/2020","0"
"24/3/2020","0"
"25/3/2020","0"
"26/3/2020","0"
"27/3/2020","0"
"28/3/2020","0"
"29/3/2020","0"
"30/3/2020","0"
"31/3/2020","0"
"1/4/2020","0"
"2/4/2020","0"
"3/4/2020","0"
"4/4/2020","0"
"5/4/2020","0"
"6/4/2020","0"
"7/4/2020","0"
"8/4/2020","0"
"9/4/2020","0"
"10/4/2020","0"
"11/4/2020","0"
"12/4/2020","0"
"13/4/2020","0"
"14/4/2020","0"
"15/4/2020","0"
"16/4/2020","0"
"17/4/2020","0"
"18/4/2020","0"
"19/4/2020","0"
"20/4/2020","133.09"
"21/4/2020","0"
"22/4/2020","0"
"23/4/2020","0"
"24/4/2020","0"
"25/4/2020","0"
"26/4/2020","0"
"27/4/2020","0"
"28/4/2020","0"
"29/4/2020","0"
"30/4/2020","0"
"1/5/2020","0"
"2/5/2020","0"
"3/5/2020","0"
"4/5/2020","0"
"5/5/2020","0"
"6/5/2020","0"
"7/5/2020","0"
"8/5/2020","0"
"9/5/2020","0"
"10/5/2020","0"
"11/5/2020","0"
"12/5/2020","0"
"13/5/2020","0"
"14/5/2020","0"
"15/5/2020","0"
"16/5/2020","0"
"17/5/2020","0"
"18/5/2020","0"
"19/5/2020","0"
"20/5/2020","0"
"21/5/2020","0"
"22/5/2020","0"
"23/5/2020","0"
"24/5/2020","0"
"25/5/2020","0"
"26/5/2020","0"
"27/5/2020","0"
"28/5/2020","0"
"29/5/2020","0"
"30/5/2020","0"
"31/5/2020","0"
"1/6/2020","0"
"2/6/2020","0"
"3/6/2020","0"
"4/6/2020","0"
"5/6/2020","0"
"6/6/2020","0"
"7/6/2020","0"
"8/6/2020","0"
"9/6/2020","0"
"10/6/2020","0"
"11/6/2020","0"
"12/6/2020","0"
"13/6/2020","0"
"14/6/2020","0"
"15/6/2020","0"
"16/6/2020","0"
"17/6/2020","0"
"18/6/2020","0"
"19/6/2020","0"
"20/6/2020","0"
"21/6/2020","0"
"22/6/2020","0"
"23/6/2020","0"
"24/6/2020","0"
"25/6/2020","0"
"26/6/2020","0"
"27/6/2020","0"
"28/6/2020","0"
"29/6/2020","0"
"30/6/2020","0"
"1/7/2020","0"
"2/7/2020","0"
"3/7/2020","0"
"4/7/2020","0"
"5/7/2020","0"
"6/7/2020","0"
"7/7/2020","0"
"8/7/2020","0"
"9/7/2020","0"
"10/7/2020","0"
"11/7/2020","0"
"12/7/2020","0"
"13/7/2020","0"
"14/7/2020","0"
"15/7/2020","0"
"16/7/2020","0"
"17/7/2020","0"
"18/7/2020","0"
"19/7/2020","0"
"20/7/2020","0"
"21/7/2020","0"
"22/7/2020","0"
"23/7/2020","0"
"24/7/2020","0"
"25/7/2020","0"
"26/7/2020","0"
"27/7/2020","0"
"28/7/2020","0"
"29/7/2020","0"
"30/7/2020","0"
"31/7/2020","0"
"1/8/2020","0"
"2/8/2020","0"
"3/8/2020","0"
"4/8/2020","0"
"5/8/2020","0"
"6/8/2020","0"
"7/8/2020","0"
"8/8/2020","0"
"9/8/2020","0"
"10/8/2020","0"
"11/8/2020","0"
"12/8/2020","0"
"13/8/2020","0"
"14/8/2020","0"
"15/8/2020","0"
"16/8/2020","0"
"17/8/2020","0"
"18/8/2020","0"
"19/8/2020","0"
"20/8/2020","0"
"21/8/2020","0"
"22/8/2020","0"
"23/8/2020","0"
"24/8/2020","0"
"25/8/2020","0"
"26/8/2020","0"
"27/8/2020","0"
"28/8/2020","0"
"29/8/2020","0"
"30/8/2020","0"
"31/8/2020","0"
"1/9/2020","0"
"2/9/2020","0"
"3/9/2020","0"
"4/9/2020","0"
"5/9/2020","0"
"6/9/2020","0"
"7/9/2020","0"
"8/9/2020","0"
"9/9/2020","0"
"10/9/2020","0"
"11/9/2020","0"
"12/9/2020","0"
"13/9/2020","0"
"14/9/2020","0"
"15/9/2020","0"
"16/9/2020","0"
"17/9/2020","0"
"18/9/2020","0"
"19/9/2020","0"
"20/9/2020","0"
"21/9/2020","0"
"22/9/2020","0"
"23/9/2020","0"
"24/9/2020","0"
"25/9/2020","0"
"26/9/2020","0"
"27/9/2020","0"
"28/9/2020","0"
"29/9/2020","0"
"30/9/2020","0"
"1/10/2020","0"
"2/10/2020","0"
"3/10/2020","0"
"4/10/2020","0"
"5/10/2020","0"
"6/10/2020","0"
"7/10/2020","0"
"8/10/2020","0"
"9/10/2020","0"
"10/10/2020","0"
"11/10/2020","0"
"12/10/2020","0"
"13/10/2020","0"
"14/10/2020","0"
"15/10/2020","0"
"16/10/2020","0"
"17/10/2020","1.36"
"18/10/2020","0.23"
"19/10/2020","2.26"
"20/10/2020","1.25"
"21/10/2020","1.47"
"22/10/2020","12.09"
"23/10/2020","33.86"
"24/10/2020","42.33"
"25/10/2020","6.67"
"26/10/2020","18.19"
"27/10/2020","41.66"
"28/10/2020","166.07"
"29/10/2020","209.76"
"30/10/2020","297.92"
"31/10/2020","171.64"
"1/11/2020","189.92"
"2/11/2020","105.77"
"3/11/2020","205.98"
"4/11/2020","656.51"
"5/11/2020","818.61"
"6/11/2020","1107.31"
"7/11/2020","1458.5"
"8/11/2020","1172.69"
"9/11/2020","532.39"
"10/11/2020","734.67"
"11/11/2020","1443.74"
"12/11/2020","1449.79"
"13/11/2020","1633.11"
"14/11/2020","1302.24"
"15/11/2020","1196.87"
"16/11/2020","431.49"
"17/11/2020","543.46"
"18/11/2020","1547.8"
"19/11/2020","1855.18"
"20/11/2020","2927.94"
"21/11/2020","3299.85"
"22/11/2020","4010.04"
"23/11/2020","1545.98"
"24/11/2020","2203.02"
"25/11/2020","3886.67"
"26/11/2020","4722.53"
"27/11/2020","4333.01"
"28/11/2020","4144.59"
"29/11/2020","4186.01"
"30/11/2020","1799.96"
"1/12/2020","2655.69"
"2/12/2020","4043.08"
"3/12/2020","4024.6"
"4/12/2020","4261.27"
"5/12/2020","3704.99"
"6/12/2020","3967.54"
"7/12/2020","2273.42"
"8/12/2020","2801.62"
"9/12/2020","5584.06"
"10/12/2020","4617.32"
"11/12/2020","4447.97"
"12/12/2020","4448.45"
"13/12/2020","4366.73"
"14/12/2020","2059.45"
"15/12/2020","2981.55"
"16/12/2020","5099.24"
"17/12/2020","5838.26"
"18/12/2020","6452.12"
"19/12/2020","4856.1"
"20/12/2020","5480.07"
"21/12/2020","2207.23"
"22/12/2020","3162.33"
"23/12/2020","4745.39"
"24/12/2020","4105.38"
"25/12/2020","2529.16"
"26/12/2020","2705.23"
"27/12/2020","3105.52"
"28/12/2020","1634.45"
"29/12/2020","1977.72"
"30/12/2020","5100.66"
"31/12/2020","5024.41"
"1/1/2021","1710.98"
"2/1/2021","2933.96"
"3/1/2021","1733.03"
"4/1/2021","1630.76"
"5/1/2021","2569.16"
"6/1/2021","3628.64"
"7/1/2021","5835.03"
"8/1/2021","4736.23"
"9/1/2021","3820.81"
"10/1/2021","3414.6"
"11/1/2021","1957.88"
"12/1/2021","2159.35"
"13/1/2021","3802.17"
"14/1/2021","3620.2"
"15/1/2021","4388.47"
"16/1/2021","3879.41"
"17/1/2021","2590.08"
"18/1/2021","1357.41"
"19/1/2021","1924.12"
"20/1/2021","3313.51"
"21/1/2021","3662.27"
"22/1/2021","3818.45"
"23/1/2021","3404.7"
"24/1/2021","2432.42"
"25/1/2021","1284.16"
"26/1/2021","1737.83"
"27/1/2021","3473.26"
"28/1/2021","3181.56"
"29/1/2021","4374.29"
"30/1/2021","4132.71"
"31/1/2021","4745.17"
"1/2/2021","2270.3"
"2/2/2021","2098.92"
"3/2/2021","3828.43"
"4/2/2021","3086.1"
"5/2/2021","3214.64"
"6/2/2021","2251.29"
"7/2/2021","2692.12"
"8/2/2021","1045.4"
"9/2/2021","1317.51"
"10/2/2021","2306.81"
"11/2/2021","2352.7"
"12/2/2021","2723.19"
"13/2/2021","2121.13"
"14/2/2021","2018.65"
"15/2/2021","952.25"
"16/2/2021","1097.23"
"17/2/2021","2256.54"
"18/2/2021","2098.61"
"19/2/2021","2310.33"
"20/2/2021","1839.36"
"21/2/2021","1827.13"
"22/2/2021","1293.64"
"23/2/2021","1109.82"
"24/2/2021","1757.47"
"25/2/2021","2357.63"
"26/2/2021","2319.46"
"27/2/2021","1824.24"
"28/2/2021","1421.16"
"1/3/2021","1252.93"
"2/3/2021","1555.71"
"3/3/2021","1700.31"
"4/3/2021","1271.86"
"5/3/2021","1213.21"
"6/3/2021","1038.86"
"7/3/2021","1012.36"
"8/3/2021","213.45"
"9/3/2021","345.41"
"10/3/2021","514.84"
"11/3/2021","601.24"
"12/3/2021","913.15"
"13/3/2021","395.16"
"14/3/2021","544.63"
"15/3/2021","205.21"
"16/3/2021","75.56"
"17/3/2021","238.64"
"18/3/2021","216.35"
"19/3/2021","165.15"
"20/3/2021","159.34"
"21/3/2021","86.98"
"22/3/2021","195.36"
"23/3/2021","15.01"
"24/3/2021","57.37"
"25/3/2021","126.48"
"26/3/2021","156.8"
"27/3/2021","169.57"
"28/3/2021","87.75"
"29/3/2021","264.09"
"30/3/2021","111.13"
"31/3/2021","0"
"1/4/2021","0"
"2/4/2021","0"
"3/4/2021","0"
"4/4/2021","0"
"5/4/2021","0"
"6/4/2021","0"
"7/4/2021","12.98"
"8/4/2021","212.61"
"9/4/2021","10.61"
"10/4/2021","0"
"11/4/2021","0"
"12/4/2021","12.13"
"13/4/2021","0"
"14/4/2021","0"
"15/4/2021","15.77"
"16/4/2021","0"
"17/4/2021","2.89"
"18/4/2021","0"
"19/4/2021","0"
"20/4/2021","0"
"21/4/2021","0"
"22/4/2021","0"
"23/4/2021","0"
"24/4/2021","0"
"25/4/2021","0"
"26/4/2021","0"
"27/4/2021","0"
"28/4/2021","0"
"29/4/2021","0"
"30/4/2021","0"
"1/5/2021","0"
"2/5/2021","0"
"3/5/2021","0"
"4/5/2021","0"
"5/5/2021","0"
"6/5/2021","0"
"7/5/2021","0"
"8/5/2021","0"
"9/5/2021","0"
"10/5/2021","0"
"11/5/2021","0"
"12/5/2021","0"
"13/5/2021","0"
"14/5/2021","0"
"15/5/2021","0"
"16/5/2021","0"
"17/5/2021","0"
"18/5/2021","0"
"19/5/2021","0"
"20/5/2021","0"
"21/5/2021","0"
"22/5/2021","0"
"23/5/2021","0"
"24/5/2021","0"
"25/5/2021","0"
"26/5/2021","0"
"27/5/2021","0"
"28/5/2021","0"
"29/5/2021","0"
"30/5/2021","0"
"31/5/2021","21.26"
"1/6/2021","0"
"2/6/2021","1.97"
"3/6/2021","0"
"4/6/2021","0"
"5/6/2021","0"
"6/6/2021","0"
"7/6/2021","0"
"8/6/2021","0"
"9/6/2021","0"
"10/6/2021","0"
"11/6/2021","0"
"12/6/2021","0"
"13/6/2021","0"
"14/6/2021","0"
"15/6/2021","0"
"16/6/2021","0"
"17/6/2021","0"
"18/6/2021","0"
"19/6/2021","0"
"20/6/2021","0"
"21/6/2021","0"
"22/6/2021","0"
"23/6/2021","0"
"24/6/2021","0"
"25/6/2021","0"
"26/6/2021","0"
"27/6/2021","0"
"28/6/2021","0"
"29/6/2021","0"
"30/6/2021","0"
"1/7/2021","0"
"2/7/2021","0"
"3/7/2021","0"
"4/7/2021","0"
"5/7/2021","0"
"6/7/2021","0"
"7/7/2021","0"
"8/7/2021","0"
"9/7/2021","0"
"10/7/2021","0"
"11/7/2021","0"
"12/7/2021","0"
"13/7/2021","0"
"14/7/2021","0"
"15/7/2021","0"
"16/7/2021","0"
"17/7/2021","0"
"18/7/2021","0"
"19/7/2021","0"
"20/7/2021","0"
"21/7/2021","0"
"22/7/2021","0"
"23/7/2021","0"
"24/7/2021","0"
"25/7/2021","0"
"26/7/2021","0"
"27/7/2021","0"
"28/7/2021","0"
"29/7/2021","0"
"30/7/2021","0"
"31/7/2021","0"
"1/8/2021","0"
"2/8/2021","0"
"3/8/2021","0"
"4/8/2021","0"
"5/8/2021","0"
"6/8/2021","0"
"7/8/2021","0"
"8/8/2021","0"
"9/8/2021","0"
"10/8/2021","0"
"11/8/2021","0"
"12/8/2021","0"
"13/8/2021","0"
"14/8/2021","0"
"15/8/2021","0"
"16/8/2021","0"
"17/8/2021","0"
"18/8/2021","0"
"19/8/2021","0"
"20/8/2021","0"
"21/8/2021","0"
"22/8/2021","0"
"23/8/2021","0"
"24/8/2021","0"
"25/8/2021","0"
"26/8/2021","0"
"27/8/2021","0"
"28/8/2021","0"
"29/8/2021","0"
"30/8/2021","0"
"31/8/2021","0"
"1/9/2021","0"
"2/9/2021","0"
"3/9/2021","0"
"4/9/2021","0"
"5/9/2021","0"
"6/9/2021","0"
"7/9/2021","0"
"8/9/2021","0"
"9/9/2021","0"
"10/9/2021","0"
"11/9/2021","0"
"12/9/2021","0"
"13/9/2021","0"
"14/9/2021","0"
"15/9/2021","0"
"16/9/2021","0"
"17/9/2021","0"
"18/9/2021","0"
"19/9/2021","0"
"20/9/2021","0"
"21/9/2021","0"
"22/9/2021","0"
"23/9/2021","23.42"
"24/9/2021","35.74"
"25/9/2021","0"
"26/9/2021","0"
"27/9/2021","0"
"28/9/2021","0"
"29/9/2021","0"
"30/9/2021","0"
"1/10/2021","0"
"2/10/2021","0"
"3/10/2021","0"
"4/10/2021","0"
"5/10/2021","0"
"6/10/2021","9.51"
"7/10/2021","89.34"
"8/10/2021","168.46"
"9/10/2021","186.45"
"10/10/2021","501.56"
"11/10/2021","284.57"
"12/10/2021","444.93"
"13/10/2021","883.46"
"14/10/2021","899.36"
"15/10/2021","796.93"
"16/10/2021","964.03"
"17/10/2021","1072.66"
"18/10/2021","478.43"
"19/10/2021","696.48"
"20/10/2021","1309.59"
"21/10/2021","1360.39"
"22/10/2021","2527.13"
"23/10/2021","1966.38"
"24/10/2021","2065.91"
"25/10/2021","960.69"
"26/10/2021","1206.83"
"27/10/2021","3007.14"
"28/10/2021","3021.11"
"29/10/2021","3617.69"
"30/10/2021","3752.46"
"31/10/2021","3360.93"
"1/11/2021","1652.82"
"2/11/2021","2003.74"
"3/11/2021","3668.49"
"4/11/2021","4059.46"
"5/11/2021","4915.1"
"6/11/2021","5918.98"
"7/11/2021","634.89"
"8/11/2021","2621.94"
"9/11/2021","2783.27"
"10/11/2021","4424.74"
"11/11/2021","5663.71"
"12/11/2021","5222.43"
"13/11/2021","5120.39"
"14/11/2021","4456.33"
"15/11/2021","2419.42"
"16/11/2021","2793.58"
"17/11/2021","5066.27"
"18/11/2021","5771.7"
"19/11/2021","5145.78"
"20/11/2021","5990.13"
"21/11/2021","5470.76"
"22/11/2021","2681.95"
"23/11/2021","2176.72"
"24/11/2021","5784.35"
"25/11/2021","5040.16"
"26/11/2021","5501.76"
"27/11/2021","4451.92"
"28/11/2021","5107.91"
"29/11/2021","3033.77"
"30/11/2021","2849.73"
"1/12/2021","4322.7"
"2/12/2021","5126.88"
"3/12/2021","4969.65"
"4/12/2021","5573.57"
"5/12/2021","4982.75"
"6/12/2021","2329.13"
"7/12/2021","2176.8"
"8/12/2021","4483.2"
"9/12/2021","5547.73"
"10/12/2021","5515.92"
"11/12/2021","3641.47"
"12/12/2021","4633.04"
"13/12/2021","2317.48"
"14/12/2021","2536.21"
"15/12/2021","4019.41"
"16/12/2021","4520.09"
"17/12/2021","1148.06"
